date_time,camera,video,trial,tank,group_ID,treatment,novel_numchases,novel_timechases,individual,latency,max_minus_lat
8/15/17,1,NA,1,1,2A,2,3,9454,1,23,277
8/17/17,1,NA,2,1,2A,2,4,6361,1,300,0
9/30/17,1,NA,2,1,2A_2,2,1,1415,1,73,227
9/28/17,1,1,1,1,2A_2,2,1,915,1,57,243
10/2/17,1,1,3,1,2A_2,2,0,0,1,86,214
10/7/17,RH1,1,1,1,2A_3,2,0,0,1,9,291
10/9/17,1,1,2,1,2A_3,2,0,0,1,7,293
10/11/17,1,1,3,1,2A_3,2,25,118401,1,5,295
8/15/17,1,NA,1,2,2B,2,0,0,1,11,289
8/17/17,1,NA,2,2,2B,2,0,0,1,55,245
8/19/17,1,NA,3,2,2B,2,0,0,1,2,298
9/30/17,1,NA,2,2,2B_2,2,2,21168,1,48,252
9/28/17,1,1,1,2,2B_2,2,12,35665,1,32,268
10/2/17,1,1,3,2,2B_2,2,2,6267,1,62,238
10/7/17,RH1,1,1,2,2B_3,2,11,44366,1,13,287
10/9/17,1,1,2,2,2B_3,2,4,10202,1,109,191
10/11/17,1,1,3,2,2B_3,2,11,34044,1,5,295
8/15/17,4,NA,1,7,2C,2,1,606,1,7,293
8/17/17,4,NA,2,7,2C,2,NA,NA,1,22,278
8/19/17,4,NA,3,7,2C,2,2,1391,1,6,294
9/28/17,4,12,1,7,2C_2,2,0,0,1,171,129
9/30/17,4,1,2,7,2C_2,2,0,0,1,113,187
10/2/17,4,1,3,8,2C_2,2,0,0,1,78,222
10/7/17,RH4,12,1,7,2C_3,2,0,0,1,3,297
10/9/17,4,1,2,7,2C_3,2,0,0,1,4,296
10/11/17,4,1,3,7,2C_3,2,0,0,1,2,298
8/15/17,4,NA,1,8,2D,2,19,51555,1,5,295
8/19/17,4,NA,3,8,2D,2,0,0,1,2,298
8/17/17,4,NA,2,8,2D,2,NA,NA,1,NA,NA
9/28/17,4,12,1,8,2D_2,2,0,0,1,9,291
9/30/17,4,1,2,8,2D_2,2,22,88983,1,6,294
10/2/17,4,1,3,7,2D_2,2,2,10941,1,5,295
10/7/17,RH4,12,1,8,2D_3,2,0,0,1,300,0
10/9/17,4,1,2,8,2D_3,2,0,0,1,202,98
10/11/17,4,1,3,8,2D_3,2,0,0,1,NA,NA
8/15/17,1,NA,1,1,2E,2,NA,NA,1,NA,NA
9/28/17,1,2,1,1,2E_2,2,9,13254,1,6,294
9/30/17,1,2,2,1,2E_2,2,0,0,1,22,278
10/7/17,RH1,2,1,1,2E_3,2,1,NA,1,6,294
10/9/17,1,2,2,1,2E_3,2,0,0,1,3,297
10/11/17,1,2,3,1,2E_3,2,0,0,1,6,294
8/15/17,1,3,1,2,2F,2,NA,NA,1,NA,NA
9/28/17,1,2,1,2,2F_2,2,7,28828,1,43,257
9/30/17,1,2,2,2,2F_2,2,10,36926,1,49,251
10/7/17,RH1,2,1,2,2F_3,2,0,0,1,10,290
10/9/17,1,2,2,2,2F_3,2,8,32974,1,12,288
10/11/17,1,2,3,2,2F_3,2,0,0,1,83,217
8/15/17,4,NA,1,8,2G,2,5,4591,1,6,294
8/17/17,1,NA,2,8,2G,2,9,18939,1,4,296
8/19/17,4,NA,3,8,2G,2,0,0,1,3,297
9/28/17,4,34,1,7,2G_2,2,0,0,1,264,36
9/30/17,4,2,2,7,2G_2,2,0,0,1,105,195
10/2/17,4,2,3,8,2G_2,2,0,0,1,12,288
10/7/17,RH4,3,1,7,2G_3,2,0,0,1,4,296
10/9/17,4,2,2,7,2G_3,2,0,0,1,3,297
10/11/17,4,2,3,7,2G_3,2,3,4721,1,1,299
8/15/17,4,NA,1,7,2H,2,1,1642,1,7,293
8/17/17,1,NA,2,7,2H,2,8,20763,1,13,287
8/19/17,4,NA,3,7,2H,2,1,2304,1,11,289
9/28/17,4,34,1,8,2H_2,2,2,1836,1,85,215
10/7/17,RH4,3,1,8,2H_3,2,3,5850,1,28,272
10/9/17,4,2,2,8,2H_3,2,0,0,1,63,237
10/11/17,4,2,3,8,2H_3,2,0,0,1,6,294
8/16/17,1,NA,1,1,2I,2,8,25746,1,9,291
9/29/17,1,12,1,1,2I_2,2,15,66413,1,40,260
10/1/17,1,1,2,1,2I_2,2,19,20674,1,6,294
10/3/17,1,1,3,1,2I_2,2,8,25752,1,183,117
10/8/17,1,1,1,1,2I_3,2,0,0,1,300,0
10/10/17,1,1,2,1,2I_3,2,0,0,1,28,272
10/12/17,1,1,3,1,2I_3,2,0,0,1,138,162
8/16/17,1,NA,1,2,2J,2,0,0,1,83,217
8/18/17,1,NA,2,2,2J,2,2,7804,1,145,155
8/20/17,1,1,3,2,2J,2,0,0,1,18,282
9/29/17,1,12,1,2,2J_2,2,2,2691,1,33,267
10/1/17,1,1,2,2,2J_2,2,0,0,1,12,288
10/3/17,1,1,3,2,2J_2,2,0,0,1,3,297
8/16/17,4,NA,1,7,2K,2,0,0,1,27,273
8/16/17,4,NA,1,8,2L,2,9,25189,1,9,291
8/18/17,4,NA,2,8,2L,2,3,3229,1,2,298
8/20/17,4,1,3,8,2L,2,0,0,1,3,297
9/29/17,4,1,1,7,2L_2,2,19,134640,1,57,243
10/1/17,4,1,2,7,2L_2,2,16,90047,1,1,299
10/3/17,4,1,3,7,2L_2,2,0,0,1,2,298
8/16/17,1,NA,1,1,2M,2,1,2471,1,3,297
8/18/17,1,NA,2,1,2M,2,0,0,1,7,293
8/20/17,1,2,3,1,2M,2,0,0,1,6,294
9/29/17,4,1,1,8,2M_2,2,0,0,1,208,92
10/1/17,4,1,2,8,2M_2,2,0,0,1,7,293
10/3/17,4,1,3,8,2M_2,2,0,0,1,4,296
8/16/17,1,NA,1,2,2N,2,4,4569,1,41,259
8/18/17,1,NA,2,2,2N,2,0,0,1,7,293
8/20/17,1,2,3,2,2N,2,0,0,1,6,294
9/29/17,1,3,1,1,2N_2,2,4,4468,1,7,293
10/1/17,1,2,2,1,2N_2,2,8,12582,1,5,295
10/3/17,1,2,3,1,2N_2,2,20,36050,1,5,295
8/16/17,4,NA,1,7,2O,2,4,25602,1,25,275
8/18/17,4,NA,2,7,2O,2,1,598,1,7,293
8/20/17,4,2,3,7,2O,2,10,73516,1,1,299
9/29/17,1,3,1,2,2O_2,2,0,0,1,8,292
10/1/17,1,2,2,2,2O_2,2,0,0,1,NA,NA
8/16/17,4,NA,1,8,2P,2,0,0,1,29,271
8/18/17,4,NA,2,8,2P,2,0,0,1,1,299
8/20/17,4,2,3,8,2P,2,0,0,1,2,298
9/29/17,4,2,1,7,2P_2,2,0,0,1,16,284
10/1/17,4,2,2,7,2P_2,2,0,0,1,7,293
10/3/17,4,2,3,7,2P_2,2,0,0,1,21,279
8/15/17,2,NA,1,3,4A,4,7,14451,1,3,297
8/17/17,2,NA,2,3,4A,4,1,500,1,6,294
8/19/17,2,NA,3,3,4A,4,3,8301,1,2,298
9/28/17,2,1,1,3,4A_2,4,0,0,1,18,282
9/30/17,2,1,2,3,4A_2,4,6,10440,1,2,298
10/2/17,2,1,3,3,4A_2,4,13,12660,1,90,210
10/7/17,RH2,1,1,3,4A_3,4,0,0,1,35,265
10/9/17,2,1,2,3,4A_3,4,6,14846,1,5,295
10/11/17,2,1,3,3,4A_3,4,17,107562,1,2,298
8/15/17,2,NA,1,4,4B,4,6,6472,1,4,296
8/17/17,2,NA,2,4,4B,4,0,0,1,5,295
9/28/17,2,1,1,4,4B_2,4,1,719,1,13,287
9/30/17,2,1,2,4,4B_2,4,12,39852,1,2,298
10/2/17,2,1,3,4,4B_2,4,9,12436,1,2,298
10/7/17,RH2,1,1,4,4B_3,4,0,0,1,3,297
10/9/17,2,1,2,4,4B_3,4,3,5818,1,3,297
10/11/17,2,1,3,4,4B_3,4,1,3751,1,3,297
8/15/17,5,NA,1,9,4C,4,16,16644,1,5,295
8/19/17,5,NA,3,9,4C,4,24,61715,1,3,297
8/17/17,5,NA,2,9,4C,4,NA,NA,1,6,294
9/28/17,5,12,1,9,4C_2,4,2,1426,1,44,256
9/30/17,5,12,2,9,4C_2,4,10,8657,1,2,298
10/7/17,RH5,12,1,9,4C_3,4,0,0,1,5,295
10/9/17,5,1,2,9,4C_3,4,0,0,1,2,298
10/11/17,5,1,3,9,4C_3,4,0,0,1,3,297
8/15/17,5,NA,1,10,4D,4,9,17463,1,1,299
8/19/17,5,NA,3,10,4D,4,5,22926,1,1,299
8/17/17,5,NA,2,10,4D,4,NA,NA,1,1,299
9/28/17,5,12,1,10,4D_2,4,6,26220,1,4,296
9/30/17,5,12,2,10,4D_2,4,10,42633,1,2,298
10/2/17,5,1,3,10,4D_2,4,7,13173,1,1,299
10/7/17,RH5,12,1,10,4D_3,4,7,18914,1,4,296
10/9/17,5,1,2,10,4D_3,4,16,124685,1,1,299
10/11/17,5,1,3,10,4D_3,4,5,5806,1,2,298
8/15/17,2,NA,1,3,4E,4,12,35908,1,4,296
9/30/17,2,NA,2,3,4E_2,4,10,17698,1,2,298
9/28/17,2,2,1,3,4E_2,4,0,0,1,5,295
10/2/17,2,2,3,3,4E_2,4,8,18562,1,7,293
10/7/17,RH2,2,1,3,4E_3,4,1,983,1,9,291
8/15/17,2,NA,1,4,4F,4,17,34332,1,9,291
8/17/17,2,NA,2,4,4F,4,1,702,1,5,295
9/30/17,2,NA,2,4,4F_2,4,11,17597,1,2,298
9/28/17,2,2,1,4,4F_2,4,0,0,1,10,290
10/7/17,RH2,2,1,4,4F_3,4,5,8810,1,4,296
10/9/17,2,2,2,4,4F_3,4,7,18850,1,3,297
10/11/17,2,2,3,4,4F_3,4,0,0,1,1,299
9/28/17,5,34,1,9,4G_2,4,0,0,1,4,296
9/30/17,5,3,2,9,4G_2,4,4,3730,1,3,297
10/2/17,5,2,3,9,4G_2,4,0,0,1,2,298
10/7/17,RH5,34,1,9,4G_3,4,0,0,1,2,298
10/9/17,5,2,2,9,4G_3,4,0,0,1,8,292
10/11/17,5,2,3,9,4G_3,4,1,835,1,2,298
9/28/17,5,34,1,10,4H_2,4,0,0,1,10,290
9/30/17,5,3,2,10,4H_2,4,0,0,1,2,298
10/2/17,5,2,3,10,4H_2,4,0,0,1,57,243
10/7/17,RH5,34,1,10,4H_3,4,9,13404,1,2,298
10/9/17,5,2,2,10,4H_3,4,1,854,1,2,298
10/11/17,5,2,3,10,4H_3,4,0,0,1,1,299
8/16/17,2,NA,1,3,4I,4,2,2509,1,14,286
9/29/17,2,1,1,2,4I_2,4,1,1039,1,69,231
10/1/17,2,1,2,3,4I_2,4,0,0,1,27,273
10/8/17,2,1,1,3,4I_3,4,0,0,1,300,0
10/10/17,2,1,2,3,4I_3,4,4,3944,1,74,226
8/16/17,5,NA,1,10,4J,4,9,33073,1,3,297
8/18/17,5,NA,2,10,4J,4,12,29584,1,2,298
8/20/17,5,12,3,10,4J,4,0,0,1,2,298
9/29/17,2,2,1,3,4J_2,4,4,7100,1,5,295
10/8/17,2,1,1,4,4J_3,4,0,0,1,2,298
10/10/17,2,1,2,4,4J_3,4,2,4428,1,5,295
8/16/17,2,NA,1,4,4K,4,2,3358,1,2,298
8/18/17,2,NA,2,4,4K,4,1,1714,1,2,298
8/20/17,2,1,3,4,4K,4,3,4759,1,2,298
9/29/17,5,1,1,9,4K_2,4,6,11848,1,8,292
8/16/17,5,NA,1,9,4L,4,15,68221,1,9,291
8/18/17,5,NA,2,9,4L,4,13,124455,1,2,298
9/29/17,5,1,1,10,4L_2,4,2,2970,1,5,295
8/16/17,2,NA,1,3,4M,4,0,0,1,3,297
9/29/17,2,1,1,3,4M_2,4,2,2630,1,19,281
10/1/17,2,2,2,3,4M_2,4,8,36251,1,3,297
10/3/17,2,1,3,3,4M_2,4,4,5298,1,3,297
8/16/17,2,NA,1,4,4N,4,11,55142,1,4,296
8/18/17,2,NA,2,4,4N,4,19,34909,1,3,297
8/20/17,2,2,3,4,4N,4,0,0,1,3,297
8/16/17,5,NA,1,9,4O,4,0,0,1,5,295
9/29/17,2,2,1,4,4O_2,4,7,11899,1,6,294
10/1/17,2,2,2,4,4O_2,4,24,20179,1,2,298
10/3/17,2,1,3,4,4O_2,4,38,78328,1,2,298
8/16/17,5,NA,1,10,4P,4,1,893,1,3,297
9/29/17,5,2,1,9,4P_2,4,11,32608,1,1,299
10/1/17,5,1,2,9,4P_2,4,14,38164,1,1,299
10/3/17,5,12,3,9,4P_2,4,8,16448,1,1,299
10/7/17,RH3,1,1,5,8A_3,8,7,4760,1,1,299
10/9/17,3,1,2,5,8A_3,8,15,21267,1,2,298
10/11/17,3,1,3,5,8A_3,8,30,58372,1,1,299
8/15/17,3,NA,1,5,8B,8,7,6192,1,1,299
9/28/17,3,1,1,6,8B_2,8,0,0,1,13,287
10/7/17,RH3,1,1,6,8B_3,8,7,4655,1,4,296
10/9/17,3,1,2,6,8B_3,8,22,28922,1,2,298
10/11/17,3,1,3,6,8B_3,8,23,17303,1,1,299
9/28/17,6,1,1,11,8C_2,8,5,4601,1,3,297
10/7/17,RH6,1,1,11,8C_3,8,0,0,1,2,298
10/9/17,6,1,2,11,8C_3,8,1,923,1,1,299
10/11/17,6,1,3,11,8C_3,8,2,5718,1,2,298
8/17/17,3,NA,2,6,8D,8,2,2183,1,1,299
8/15/17,3,NA,1,6,8D,8,3,8918,1,4,296
9/28/17,6,1,1,12,8D_2,8,14,36538,1,3,297
10/7/17,RH6,1,1,12,8D_3,8,0,0,1,5,295
8/15/17,6,NA,1,11,8E,8,1,2507,1,1,299
8/19/17,6,NA,3,11,8E,8,4,15681,1,1,299
8/17/17,6,NA,2,11,8E,8,NA,NA,1,3,297
9/28/17,3,2,1,5,8E_2,8,5,9098,1,3,297
9/30/17,3,1,2,5,8E_2,8,24,59813,1,6,294
10/2/17,3,1,3,7,8E_2,8,26,60476,1,2,298
10/7/17,RH3,2,1,5,8E_3,8,1,6300,1,8,292
10/9/17,3,2,2,5,8E_3,8,17,44906,1,3,297
8/15/17,3,NA,1,6,8F,8,4,9357,1,4,296
8/17/17,3,NA,2,6,8F,8,4,3505,1,2,298
8/19/17,3,NA,3,6,8F,8,0,0,1,2,298
9/28/17,3,2,1,6,8F_2,8,16,23998,1,3,297
9/30/17,3,1,2,6,8F_2,8,28,47910,1,1,299
8/15/17,6,NA,1,12,8G,8,0,0,1,1,299
8/19/17,6,NA,3,12,8G,8,2,2264,1,2,298
8/17/17,6,NA,2,12,8G,8,NA,NA,1,NA,NA
9/28/17,6,2,1,11,8G_2,8,6,5961,1,4,296
9/30/17,6,1,2,11,8G_2,8,3,4677,1,1,299
10/7/17,RH6,2,1,11,8G_3,8,7,5228,1,2,298
10/9/17,6,1,2,11,8G_3,8,11,13124,1,2,298
10/11/17,6,2,3,12,8G_3,8,5,6756,1,1,299
9/28/17,6,2,1,12,8H_2,8,3,8023,1,4,296
9/30/17,6,1,2,12,8H_2,8,28,80562,1,2,298
10/7/17,RH6,2,1,12,8H_3,8,0,0,1,1,299
10/9/17,6,2,2,12,8H_3,8,1,726,1,1,299
10/11/17,6,2,3,11,8H_3,8,0,0,1,1,299
8/16/17,3,NA,1,6,8I,8,0,0,1,2,298
9/29/17,3,1,1,5,8I_2,8,21,45706,1,35,265
10/1/17,3,1,2,5,8I_2,8,22,76964,1,2,298
10/8/17,3,1,1,5,8I_3,8,0,0,1,3,297
10/10/17,3,1,2,5,8I_3,8,0,0,1,2,298
10/12/17,3,1,3,5,8I_3,8,0,0,1,1,299
8/16/17,3,NA,1,5,8J,8,0,0,1,3,297
9/29/17,3,1,1,6,8J_2,8,1,1288,1,2,298
10/8/17,3,1,1,6,8J_3,8,1,585,1,2,298
10/10/17,3,1,2,6,8J_3,8,11,21360,1,4,296
10/12/17,3,1,3,6,8J_3,8,7,6064,1,2,298
8/16/17,6,NA,1,11,8K,8,0,0,1,3,297
8/18/17,6,NA,2,11,8K,8,6,12764,1,3,297
9/29/17,6,1,1,11,8K_2,8,0,0,1,2,298
10/1/17,6,1,2,11,8K_2,8,NA,NA,1,2,298
10/3/17,6,1,3,11,8K_2,8,1,508,1,2,298
10/8/17,6,1,1,11,8K_3,8,0,0,1,2,298
8/16/17,6,NA,1,12,8L,8,1,935,1,5,295
8/18/17,6,NA,2,12,8L,8,24,28337,1,3,297
8/20/17,6,1,3,12,8L,8,36,76919,1,1,299
9/29/17,6,1,1,12,8L_2,8,6,7885,1,2,298
10/1/17,6,1,2,12,8L_2,8,NA,NA,1,2,298
10/8/17,6,1,1,12,8L_3,8,1,695,1,18,282
10/10/17,6,1,2,12,8L_3,8,3,2357,1,8,292
10/12/17,6,1,3,12,8L_3,8,0,0,1,11,289
9/29/17,3,2,1,5,8M_2,8,7,1,1,4,296
10/1/17,3,2,2,5,8M_2,8,17,13003,1,1,299
10/3/17,3,1,3,5,8M_2,8,27,37081,1,2,298
9/29/17,3,2,1,6,8N_2,8,2,1589,1,3,297
10/1/17,3,2,2,6,8N_2,8,6,4233,1,1,299
10/3/17,3,1,3,6,8N_2,8,9,24859,1,1,299
8/16/17,3,NA,1,5,8O,8,1,2499,1,2,298
8/18/17,3,NA,2,5,8O,8,21,48429,1,2,298
8/20/17,3,1,3,5,8O,8,38,60598,1,2,298
9/29/17,6,2,1,11,8O_2,8,6,5434,1,3,297
10/1/17,6,2,2,11,8O_2,8,34,50342,1,2,298
10/3/17,6,2,3,11,8O_2,8,44,66265,1,2,298
8/16/17,3,NA,1,6,8P,8,0,0,1,2,298
9/29/17,6,2,1,12,8P_2,8,1,1130,1,5,295
10/1/17,6,2,2,12,8P_2,8,0,0,1,2,298
10/3/17,6,2,3,12,8P_2,8,0,0,1,2,298
8/15/17,1,NA,1,1,2A,2,3,9454,2,63,237
8/17/17,1,NA,2,1,2A,2,4,6361,2,300,0
9/30/17,1,NA,2,1,2A_2,2,1,1415,2,114,186
9/28/17,1,1,1,1,2A_2,2,1,915,2,300,0
10/2/17,1,1,3,1,2A_2,2,0,0,2,300,0
10/7/17,RH1,1,1,1,2A_3,2,0,0,2,28,272
10/9/17,1,1,2,1,2A_3,2,0,0,2,9,291
10/11/17,1,1,3,1,2A_3,2,25,118401,2,8,292
8/15/17,1,NA,1,2,2B,2,0,0,2,NA,NA
8/17/17,1,NA,2,2,2B,2,0,0,2,NA,NA
8/19/17,1,NA,3,2,2B,2,0,0,2,NA,NA
9/30/17,1,NA,2,2,2B_2,2,2,21168,2,NA,NA
9/28/17,1,1,1,2,2B_2,2,12,35665,2,119,181
10/2/17,1,1,3,2,2B_2,2,2,6267,2,300,0
10/7/17,RH1,1,1,2,2B_3,2,11,44366,2,14,286
10/9/17,1,1,2,2,2B_3,2,4,10202,2,NA,NA
10/11/17,1,1,3,2,2B_3,2,11,34044,2,7,293
8/15/17,4,NA,1,7,2C,2,1,606,2,300,0
8/17/17,4,NA,2,7,2C,2,NA,NA,2,NA,NA
8/19/17,4,NA,3,7,2C,2,2,1391,2,12,288
9/28/17,4,12,1,7,2C_2,2,0,0,2,233,67
9/30/17,4,1,2,7,2C_2,2,0,0,2,300,0
10/2/17,4,1,3,8,2C_2,2,0,0,2,118,182
10/7/17,RH4,12,1,7,2C_3,2,0,0,2,14,286
10/9/17,4,1,2,7,2C_3,2,0,0,2,21,279
10/11/17,4,1,3,7,2C_3,2,0,0,2,54,246
8/15/17,4,NA,1,8,2D,2,19,51555,2,11,289
8/19/17,4,NA,3,8,2D,2,0,0,2,NA,NA
8/17/17,4,NA,2,8,2D,2,NA,NA,2,NA,NA
9/28/17,4,12,1,8,2D_2,2,0,0,2,268,32
9/30/17,4,1,2,8,2D_2,2,22,88983,2,19,281
10/2/17,4,1,3,7,2D_2,2,2,10941,2,84,216
10/7/17,RH4,12,1,8,2D_3,2,0,0,2,300,0
10/9/17,4,1,2,8,2D_3,2,0,0,2,NA,NA
10/11/17,4,1,3,8,2D_3,2,0,0,2,NA,NA
8/15/17,1,NA,1,1,2E,2,NA,NA,2,NA,NA
9/28/17,1,2,1,1,2E_2,2,9,13254,2,29,271
9/30/17,1,2,2,1,2E_2,2,0,0,2,34,266
10/7/17,RH1,2,1,1,2E_3,2,1,NA,2,300,0
10/9/17,1,2,2,1,2E_3,2,0,0,2,75,225
10/11/17,1,2,3,1,2E_3,2,0,0,2,300,0
8/15/17,1,3,1,2,2F,2,NA,NA,2,NA,NA
9/28/17,1,2,1,2,2F_2,2,7,28828,2,91,209
9/30/17,1,2,2,2,2F_2,2,10,36926,2,300,0
10/7/17,RH1,2,1,2,2F_3,2,0,0,2,NA,NA
10/9/17,1,2,2,2,2F_3,2,8,32974,2,300,0
10/11/17,1,2,3,2,2F_3,2,0,0,2,NA,NA
8/15/17,4,NA,1,8,2G,2,5,4591,2,6,294
8/17/17,1,NA,2,8,2G,2,9,18939,2,5,295
8/19/17,4,NA,3,8,2G,2,0,0,2,14,286
9/28/17,4,34,1,7,2G_2,2,0,0,2,300,0
9/30/17,4,2,2,7,2G_2,2,0,0,2,NA,NA
10/2/17,4,2,3,8,2G_2,2,0,0,2,90,210
10/7/17,RH4,3,1,7,2G_3,2,0,0,2,14,286
10/9/17,4,2,2,7,2G_3,2,0,0,2,16,284
10/11/17,4,2,3,7,2G_3,2,3,4721,2,12,288
8/15/17,4,NA,1,7,2H,2,1,1642,2,59,241
8/17/17,1,NA,2,7,2H,2,8,20763,2,28,272
8/19/17,4,NA,3,7,2H,2,1,2304,2,18,282
9/28/17,4,34,1,8,2H_2,2,2,1836,2,134,166
10/7/17,RH4,3,1,8,2H_3,2,3,5850,2,54,246
10/9/17,4,2,2,8,2H_3,2,0,0,2,NA,NA
10/11/17,4,2,3,8,2H_3,2,0,0,2,NA,NA
8/16/17,1,NA,1,1,2I,2,8,25746,2,90,210
9/29/17,1,12,1,1,2I_2,2,15,66413,2,43,257
10/1/17,1,1,2,1,2I_2,2,19,20674,2,6,294
10/3/17,1,1,3,1,2I_2,2,8,25752,2,300,0
10/8/17,1,1,1,1,2I_3,2,0,0,2,300,0
10/10/17,1,1,2,1,2I_3,2,0,0,2,77,223
10/12/17,1,1,3,1,2I_3,2,0,0,2,143,157
8/16/17,1,NA,1,2,2J,2,0,0,2,94,206
8/18/17,1,NA,2,2,2J,2,2,7804,2,158,142
8/20/17,1,1,3,2,2J,2,0,0,2,206,94
9/29/17,1,12,1,2,2J_2,2,2,2691,2,300,0
10/1/17,1,1,2,2,2J_2,2,0,0,2,NA,NA
10/3/17,1,1,3,2,2J_2,2,0,0,2,NA,NA
8/16/17,4,NA,1,7,2K,2,0,0,2,300,0
8/16/17,4,NA,1,8,2L,2,9,25189,2,13,287
8/18/17,4,NA,2,8,2L,2,3,3229,2,9,291
8/20/17,4,1,3,8,2L,2,0,0,2,NA,NA
9/29/17,4,1,1,7,2L_2,2,19,134640,2,156,144
10/1/17,4,1,2,7,2L_2,2,16,90047,2,8,292
10/3/17,4,1,3,7,2L_2,2,0,0,2,NA,NA
8/16/17,1,NA,1,1,2M,2,1,2471,2,38,262
8/18/17,1,NA,2,1,2M,2,0,0,2,9,291
8/20/17,1,2,3,1,2M,2,0,0,2,8,292
9/29/17,4,1,1,8,2M_2,2,0,0,2,NA,NA
10/1/17,4,1,2,8,2M_2,2,0,0,2,300,0
10/3/17,4,1,3,8,2M_2,2,0,0,2,300,0
8/16/17,1,NA,1,2,2N,2,4,4569,2,72,228
8/18/17,1,NA,2,2,2N,2,0,0,2,47,253
8/20/17,1,2,3,2,2N,2,0,0,2,23,277
9/29/17,1,3,1,1,2N_2,2,4,4468,2,13,287
10/1/17,1,2,2,1,2N_2,2,8,12582,2,6,294
10/3/17,1,2,3,1,2N_2,2,20,36050,2,48,252
8/16/17,4,NA,1,7,2O,2,4,25602,2,NA,NA
8/18/17,4,NA,2,7,2O,2,1,598,2,14,286
8/20/17,4,2,3,7,2O,2,10,73516,2,5,295
9/29/17,1,3,1,2,2O_2,2,0,0,2,19,281
10/1/17,1,2,2,2,2O_2,2,0,0,2,NA,NA
8/16/17,4,NA,1,8,2P,2,0,0,2,35,265
8/18/17,4,NA,2,8,2P,2,0,0,2,38,262
8/20/17,4,2,3,8,2P,2,0,0,2,48,252
9/29/17,4,2,1,7,2P_2,2,0,0,2,NA,NA
10/1/17,4,2,2,7,2P_2,2,0,0,2,NA,NA
10/3/17,4,2,3,7,2P_2,2,0,0,2,23,277
8/15/17,2,NA,1,3,4A,4,7,14451,2,8,292
8/17/17,2,NA,2,3,4A,4,1,500,2,7,293
8/19/17,2,NA,3,3,4A,4,3,8301,2,5,295
9/28/17,2,1,1,3,4A_2,4,0,0,2,19,281
9/30/17,2,1,2,3,4A_2,4,6,10440,2,3,297
10/2/17,2,1,3,3,4A_2,4,13,12660,2,148,152
10/7/17,RH2,1,1,3,4A_3,4,0,0,2,53,247
10/9/17,2,1,2,3,4A_3,4,6,14846,2,5,295
10/11/17,2,1,3,3,4A_3,4,17,107562,2,2,298
8/15/17,2,NA,1,4,4B,4,6,6472,2,5,295
8/17/17,2,NA,2,4,4B,4,0,0,2,11,289
9/28/17,2,1,1,4,4B_2,4,1,719,2,20,280
9/30/17,2,1,2,4,4B_2,4,12,39852,2,2,298
10/2/17,2,1,3,4,4B_2,4,9,12436,2,4,296
10/7/17,RH2,1,1,4,4B_3,4,0,0,2,25,275
10/9/17,2,1,2,4,4B_3,4,3,5818,2,6,294
10/11/17,2,1,3,4,4B_3,4,1,3751,2,3,297
8/15/17,5,NA,1,9,4C,4,16,16644,2,7,293
8/19/17,5,NA,3,9,4C,4,24,61715,2,6,294
8/17/17,5,NA,2,9,4C,4,NA,NA,2,15,285
9/28/17,5,12,1,9,4C_2,4,2,1426,2,56,244
9/30/17,5,12,2,9,4C_2,4,10,8657,2,2,298
10/7/17,RH5,12,1,9,4C_3,4,0,0,2,5,295
10/9/17,5,1,2,9,4C_3,4,0,0,2,16,284
10/11/17,5,1,3,9,4C_3,4,0,0,2,10,290
8/15/17,5,NA,1,10,4D,4,9,17463,2,1,299
8/19/17,5,NA,3,10,4D,4,5,22926,2,2,298
8/17/17,5,NA,2,10,4D,4,NA,NA,2,1,299
9/28/17,5,12,1,10,4D_2,4,6,26220,2,5,295
9/30/17,5,12,2,10,4D_2,4,10,42633,2,4,296
10/2/17,5,1,3,10,4D_2,4,7,13173,2,4,296
10/7/17,RH5,12,1,10,4D_3,4,7,18914,2,4,296
10/9/17,5,1,2,10,4D_3,4,16,124685,2,2,298
10/11/17,5,1,3,10,4D_3,4,5,5806,2,3,297
8/15/17,2,NA,1,3,4E,4,12,35908,2,5,295
9/30/17,2,NA,2,3,4E_2,4,10,17698,2,4,296
9/28/17,2,2,1,3,4E_2,4,0,0,2,6,294
10/2/17,2,2,3,3,4E_2,4,8,18562,2,21,279
10/7/17,RH2,2,1,3,4E_3,4,1,983,2,11,289
8/15/17,2,NA,1,4,4F,4,17,34332,2,11,289
8/17/17,2,NA,2,4,4F,4,1,702,2,7,293
9/30/17,2,NA,2,4,4F_2,4,11,17597,2,4,296
9/28/17,2,2,1,4,4F_2,4,0,0,2,10,290
10/7/17,RH2,2,1,4,4F_3,4,5,8810,2,5,295
10/9/17,2,2,2,4,4F_3,4,7,18850,2,4,296
10/11/17,2,2,3,4,4F_3,4,0,0,2,3,297
9/28/17,5,34,1,9,4G_2,4,0,0,2,6,294
9/30/17,5,3,2,9,4G_2,4,4,3730,2,3,297
10/2/17,5,2,3,9,4G_2,4,0,0,2,2,298
10/7/17,RH5,34,1,9,4G_3,4,0,0,2,2,298
10/9/17,5,2,2,9,4G_3,4,0,0,2,36,264
10/11/17,5,2,3,9,4G_3,4,1,835,2,3,297
9/28/17,5,34,1,10,4H_2,4,0,0,2,NA,NA
9/30/17,5,3,2,10,4H_2,4,0,0,2,7,293
10/2/17,5,2,3,10,4H_2,4,0,0,2,84,216
10/7/17,RH5,34,1,10,4H_3,4,9,13404,2,3,297
10/9/17,5,2,2,10,4H_3,4,1,854,2,3,297
10/11/17,5,2,3,10,4H_3,4,0,0,2,2,298
8/16/17,2,NA,1,3,4I,4,2,2509,2,25,275
9/29/17,2,1,1,2,4I_2,4,1,1039,2,72,228
10/1/17,2,1,2,3,4I_2,4,0,0,2,28,272
10/8/17,2,1,1,3,4I_3,4,0,0,2,300,0
10/10/17,2,1,2,3,4I_3,4,4,3944,2,85,215
8/16/17,5,NA,1,10,4J,4,9,33073,2,3,297
8/18/17,5,NA,2,10,4J,4,12,29584,2,2,298
8/20/17,5,12,3,10,4J,4,0,0,2,NA,NA
9/29/17,2,2,1,3,4J_2,4,4,7100,2,22,278
10/8/17,2,1,1,4,4J_3,4,0,0,2,3,297
10/10/17,2,1,2,4,4J_3,4,2,4428,2,14,286
8/16/17,2,NA,1,4,4K,4,2,3358,2,2,298
8/18/17,2,NA,2,4,4K,4,1,1714,2,3,297
8/20/17,2,1,3,4,4K,4,3,4759,2,2,298
9/29/17,5,1,1,9,4K_2,4,6,11848,2,8,292
8/16/17,5,NA,1,9,4L,4,15,68221,2,27,273
8/18/17,5,NA,2,9,4L,4,13,124455,2,7,293
9/29/17,5,1,1,10,4L_2,4,2,2970,2,9,291
8/16/17,2,NA,1,3,4M,4,0,0,2,3,297
9/29/17,2,1,1,3,4M_2,4,2,2630,2,51,249
10/1/17,2,2,2,3,4M_2,4,8,36251,2,4,296
10/3/17,2,1,3,3,4M_2,4,4,5298,2,3,297
8/16/17,2,NA,1,4,4N,4,11,55142,2,21,279
8/18/17,2,NA,2,4,4N,4,19,34909,2,6,294
8/20/17,2,2,3,4,4N,4,0,0,2,4,296
8/16/17,5,NA,1,9,4O,4,0,0,2,300,0
9/29/17,2,2,1,4,4O_2,4,7,11899,2,9,291
10/1/17,2,2,2,4,4O_2,4,24,20179,2,3,297
10/3/17,2,1,3,4,4O_2,4,38,78328,2,2,298
8/16/17,5,NA,1,10,4P,4,1,893,2,6,294
9/29/17,5,2,1,9,4P_2,4,11,32608,2,2,298
10/1/17,5,1,2,9,4P_2,4,14,38164,2,2,298
10/3/17,5,12,3,9,4P_2,4,8,16448,2,5,295
10/7/17,RH3,1,1,5,8A_3,8,7,4760,2,2,298
10/9/17,3,1,2,5,8A_3,8,15,21267,2,3,297
10/11/17,3,1,3,5,8A_3,8,30,58372,2,1,299
8/15/17,3,NA,1,5,8B,8,7,6192,2,2,298
9/28/17,3,1,1,6,8B_2,8,0,0,2,15,285
10/7/17,RH3,1,1,6,8B_3,8,7,4655,2,4,296
10/9/17,3,1,2,6,8B_3,8,22,28922,2,3,297
10/11/17,3,1,3,6,8B_3,8,23,17303,2,1,299
9/28/17,6,1,1,11,8C_2,8,5,4601,2,5,295
10/7/17,RH6,1,1,11,8C_3,8,0,0,2,4,296
10/9/17,6,1,2,11,8C_3,8,1,923,2,2,298
10/11/17,6,1,3,11,8C_3,8,2,5718,2,2,298
8/17/17,3,NA,2,6,8D,8,2,2183,2,2,298
8/15/17,3,NA,1,6,8D,8,3,8918,2,5,295
9/28/17,6,1,1,12,8D_2,8,14,36538,2,11,289
10/7/17,RH6,1,1,12,8D_3,8,0,0,2,7,293
8/15/17,6,NA,1,11,8E,8,1,2507,2,2,298
8/19/17,6,NA,3,11,8E,8,4,15681,2,2,298
8/17/17,6,NA,2,11,8E,8,NA,NA,2,3,297
9/28/17,3,2,1,5,8E_2,8,5,9098,2,4,296
9/30/17,3,1,2,5,8E_2,8,24,59813,2,7,293
10/2/17,3,1,3,7,8E_2,8,26,60476,2,2,298
10/7/17,RH3,2,1,5,8E_3,8,1,6300,2,8,292
10/9/17,3,2,2,5,8E_3,8,17,44906,2,4,296
8/15/17,3,NA,1,6,8F,8,4,9357,2,5,295
8/17/17,3,NA,2,6,8F,8,4,3505,2,2,298
8/19/17,3,NA,3,6,8F,8,0,0,2,2,298
9/28/17,3,2,1,6,8F_2,8,16,23998,2,4,296
9/30/17,3,1,2,6,8F_2,8,28,47910,2,2,298
8/15/17,6,NA,1,12,8G,8,0,0,2,2,298
8/19/17,6,NA,3,12,8G,8,2,2264,2,3,297
8/17/17,6,NA,2,12,8G,8,NA,NA,2,NA,NA
9/28/17,6,2,1,11,8G_2,8,6,5961,2,6,294
9/30/17,6,1,2,11,8G_2,8,3,4677,2,1,299
10/7/17,RH6,2,1,11,8G_3,8,7,5228,2,2,298
10/9/17,6,1,2,11,8G_3,8,11,13124,2,3,297
10/11/17,6,2,3,12,8G_3,8,5,6756,2,1,299
9/28/17,6,2,1,12,8H_2,8,3,8023,2,5,295
9/30/17,6,1,2,12,8H_2,8,28,80562,2,21,279
10/7/17,RH6,2,1,12,8H_3,8,0,0,2,2,298
10/9/17,6,2,2,12,8H_3,8,1,726,2,3,297
10/11/17,6,2,3,11,8H_3,8,0,0,2,1,299
8/16/17,3,NA,1,6,8I,8,0,0,2,5,295
9/29/17,3,1,1,5,8I_2,8,21,45706,2,300,0
10/1/17,3,1,2,5,8I_2,8,22,76964,2,2,298
10/8/17,3,1,1,5,8I_3,8,0,0,2,3,297
10/10/17,3,1,2,5,8I_3,8,0,0,2,2,298
10/12/17,3,1,3,5,8I_3,8,0,0,2,1,299
8/16/17,3,NA,1,5,8J,8,0,0,2,3,297
9/29/17,3,1,1,6,8J_2,8,1,1288,2,5,295
10/8/17,3,1,1,6,8J_3,8,1,585,2,4,296
10/10/17,3,1,2,6,8J_3,8,11,21360,2,5,295
10/12/17,3,1,3,6,8J_3,8,7,6064,2,3,297
8/16/17,6,NA,1,11,8K,8,0,0,2,3,297
8/18/17,6,NA,2,11,8K,8,6,12764,2,4,296
9/29/17,6,1,1,11,8K_2,8,0,0,2,4,296
10/1/17,6,1,2,11,8K_2,8,NA,NA,2,2,298
10/3/17,6,1,3,11,8K_2,8,1,508,2,2,298
10/8/17,6,1,1,11,8K_3,8,0,0,2,7,293
8/16/17,6,NA,1,12,8L,8,1,935,2,9,291
8/18/17,6,NA,2,12,8L,8,24,28337,2,5,295
8/20/17,6,1,3,12,8L,8,36,76919,2,2,298
9/29/17,6,1,1,12,8L_2,8,6,7885,2,2,298
10/1/17,6,1,2,12,8L_2,8,NA,NA,2,3,297
10/8/17,6,1,1,12,8L_3,8,1,695,2,58,242
10/10/17,6,1,2,12,8L_3,8,3,2357,2,20,280
10/12/17,6,1,3,12,8L_3,8,0,0,2,13,287
9/29/17,3,2,1,5,8M_2,8,7,1,2,6,294
10/1/17,3,2,2,5,8M_2,8,17,13003,2,2,298
10/3/17,3,1,3,5,8M_2,8,27,37081,2,2,298
9/29/17,3,2,1,6,8N_2,8,2,1589,2,4,296
10/1/17,3,2,2,6,8N_2,8,6,4233,2,2,298
10/3/17,3,1,3,6,8N_2,8,9,24859,2,2,298
8/16/17,3,NA,1,5,8O,8,1,2499,2,4,296
8/18/17,3,NA,2,5,8O,8,21,48429,2,8,292
8/20/17,3,1,3,5,8O,8,38,60598,2,3,297
9/29/17,6,2,1,11,8O_2,8,6,5434,2,4,296
10/1/17,6,2,2,11,8O_2,8,34,50342,2,2,298
10/3/17,6,2,3,11,8O_2,8,44,66265,2,2,298
8/16/17,3,NA,1,6,8P,8,0,0,2,3,297
9/29/17,6,2,1,12,8P_2,8,1,1130,2,6,294
10/1/17,6,2,2,12,8P_2,8,0,0,2,3,297
10/3/17,6,2,3,12,8P_2,8,0,0,2,2,298
8/15/17,1,NA,1,1,2A,2,3,9454,3,NA,NA
8/17/17,1,NA,2,1,2A,2,4,6361,3,NA,NA
9/30/17,1,NA,2,1,2A_2,2,1,1415,3,NA,NA
9/28/17,1,1,1,1,2A_2,2,1,915,3,NA,NA
10/2/17,1,1,3,1,2A_2,2,0,0,3,NA,NA
10/7/17,RH1,1,1,1,2A_3,2,0,0,3,NA,NA
10/9/17,1,1,2,1,2A_3,2,0,0,3,NA,NA
10/11/17,1,1,3,1,2A_3,2,25,118401,3,NA,NA
8/15/17,1,NA,1,2,2B,2,0,0,3,NA,NA
8/17/17,1,NA,2,2,2B,2,0,0,3,NA,NA
8/19/17,1,NA,3,2,2B,2,0,0,3,NA,NA
9/30/17,1,NA,2,2,2B_2,2,2,21168,3,NA,NA
9/28/17,1,1,1,2,2B_2,2,12,35665,3,NA,NA
10/2/17,1,1,3,2,2B_2,2,2,6267,3,NA,NA
10/7/17,RH1,1,1,2,2B_3,2,11,44366,3,NA,NA
10/9/17,1,1,2,2,2B_3,2,4,10202,3,NA,NA
10/11/17,1,1,3,2,2B_3,2,11,34044,3,NA,NA
8/15/17,4,NA,1,7,2C,2,1,606,3,NA,NA
8/17/17,4,NA,2,7,2C,2,NA,NA,3,NA,NA
8/19/17,4,NA,3,7,2C,2,2,1391,3,NA,NA
9/28/17,4,12,1,7,2C_2,2,0,0,3,NA,NA
9/30/17,4,1,2,7,2C_2,2,0,0,3,NA,NA
10/2/17,4,1,3,8,2C_2,2,0,0,3,NA,NA
10/7/17,RH4,12,1,7,2C_3,2,0,0,3,NA,NA
10/9/17,4,1,2,7,2C_3,2,0,0,3,NA,NA
10/11/17,4,1,3,7,2C_3,2,0,0,3,NA,NA
8/15/17,4,NA,1,8,2D,2,19,51555,3,NA,NA
8/19/17,4,NA,3,8,2D,2,0,0,3,NA,NA
8/17/17,4,NA,2,8,2D,2,NA,NA,3,NA,NA
9/28/17,4,12,1,8,2D_2,2,0,0,3,NA,NA
9/30/17,4,1,2,8,2D_2,2,22,88983,3,NA,NA
10/2/17,4,1,3,7,2D_2,2,2,10941,3,NA,NA
10/7/17,RH4,12,1,8,2D_3,2,0,0,3,NA,NA
10/9/17,4,1,2,8,2D_3,2,0,0,3,NA,NA
10/11/17,4,1,3,8,2D_3,2,0,0,3,NA,NA
8/15/17,1,NA,1,1,2E,2,NA,NA,3,NA,NA
9/28/17,1,2,1,1,2E_2,2,9,13254,3,NA,NA
9/30/17,1,2,2,1,2E_2,2,0,0,3,NA,NA
10/7/17,RH1,2,1,1,2E_3,2,1,NA,3,NA,NA
10/9/17,1,2,2,1,2E_3,2,0,0,3,NA,NA
10/11/17,1,2,3,1,2E_3,2,0,0,3,NA,NA
8/15/17,1,3,1,2,2F,2,NA,NA,3,NA,NA
9/28/17,1,2,1,2,2F_2,2,7,28828,3,NA,NA
9/30/17,1,2,2,2,2F_2,2,10,36926,3,NA,NA
10/7/17,RH1,2,1,2,2F_3,2,0,0,3,NA,NA
10/9/17,1,2,2,2,2F_3,2,8,32974,3,NA,NA
10/11/17,1,2,3,2,2F_3,2,0,0,3,NA,NA
8/15/17,4,NA,1,8,2G,2,5,4591,3,NA,NA
8/17/17,1,NA,2,8,2G,2,9,18939,3,NA,NA
8/19/17,4,NA,3,8,2G,2,0,0,3,NA,NA
9/28/17,4,34,1,7,2G_2,2,0,0,3,NA,NA
9/30/17,4,2,2,7,2G_2,2,0,0,3,NA,NA
10/2/17,4,2,3,8,2G_2,2,0,0,3,NA,NA
10/7/17,RH4,3,1,7,2G_3,2,0,0,3,NA,NA
10/9/17,4,2,2,7,2G_3,2,0,0,3,NA,NA
10/11/17,4,2,3,7,2G_3,2,3,4721,3,NA,NA
8/15/17,4,NA,1,7,2H,2,1,1642,3,NA,NA
8/17/17,1,NA,2,7,2H,2,8,20763,3,NA,NA
8/19/17,4,NA,3,7,2H,2,1,2304,3,NA,NA
9/28/17,4,34,1,8,2H_2,2,2,1836,3,NA,NA
10/7/17,RH4,3,1,8,2H_3,2,3,5850,3,NA,NA
10/9/17,4,2,2,8,2H_3,2,0,0,3,NA,NA
10/11/17,4,2,3,8,2H_3,2,0,0,3,NA,NA
8/16/17,1,NA,1,1,2I,2,8,25746,3,NA,NA
9/29/17,1,12,1,1,2I_2,2,15,66413,3,NA,NA
10/1/17,1,1,2,1,2I_2,2,19,20674,3,NA,NA
10/3/17,1,1,3,1,2I_2,2,8,25752,3,NA,NA
10/8/17,1,1,1,1,2I_3,2,0,0,3,NA,NA
10/10/17,1,1,2,1,2I_3,2,0,0,3,NA,NA
10/12/17,1,1,3,1,2I_3,2,0,0,3,NA,NA
8/16/17,1,NA,1,2,2J,2,0,0,3,NA,NA
8/18/17,1,NA,2,2,2J,2,2,7804,3,NA,NA
8/20/17,1,1,3,2,2J,2,0,0,3,NA,NA
9/29/17,1,12,1,2,2J_2,2,2,2691,3,NA,NA
10/1/17,1,1,2,2,2J_2,2,0,0,3,NA,NA
10/3/17,1,1,3,2,2J_2,2,0,0,3,NA,NA
8/16/17,4,NA,1,7,2K,2,0,0,3,NA,NA
8/16/17,4,NA,1,8,2L,2,9,25189,3,NA,NA
8/18/17,4,NA,2,8,2L,2,3,3229,3,NA,NA
8/20/17,4,1,3,8,2L,2,0,0,3,NA,NA
9/29/17,4,1,1,7,2L_2,2,19,134640,3,NA,NA
10/1/17,4,1,2,7,2L_2,2,16,90047,3,NA,NA
10/3/17,4,1,3,7,2L_2,2,0,0,3,NA,NA
8/16/17,1,NA,1,1,2M,2,1,2471,3,NA,NA
8/18/17,1,NA,2,1,2M,2,0,0,3,NA,NA
8/20/17,1,2,3,1,2M,2,0,0,3,NA,NA
9/29/17,4,1,1,8,2M_2,2,0,0,3,NA,NA
10/1/17,4,1,2,8,2M_2,2,0,0,3,NA,NA
10/3/17,4,1,3,8,2M_2,2,0,0,3,NA,NA
8/16/17,1,NA,1,2,2N,2,4,4569,3,NA,NA
8/18/17,1,NA,2,2,2N,2,0,0,3,NA,NA
8/20/17,1,2,3,2,2N,2,0,0,3,NA,NA
9/29/17,1,3,1,1,2N_2,2,4,4468,3,NA,NA
10/1/17,1,2,2,1,2N_2,2,8,12582,3,NA,NA
10/3/17,1,2,3,1,2N_2,2,20,36050,3,NA,NA
8/16/17,4,NA,1,7,2O,2,4,25602,3,NA,NA
8/18/17,4,NA,2,7,2O,2,1,598,3,NA,NA
8/20/17,4,2,3,7,2O,2,10,73516,3,NA,NA
9/29/17,1,3,1,2,2O_2,2,0,0,3,NA,NA
10/1/17,1,2,2,2,2O_2,2,0,0,3,NA,NA
8/16/17,4,NA,1,8,2P,2,0,0,3,NA,NA
8/18/17,4,NA,2,8,2P,2,0,0,3,NA,NA
8/20/17,4,2,3,8,2P,2,0,0,3,NA,NA
9/29/17,4,2,1,7,2P_2,2,0,0,3,NA,NA
10/1/17,4,2,2,7,2P_2,2,0,0,3,NA,NA
10/3/17,4,2,3,7,2P_2,2,0,0,3,NA,NA
8/15/17,2,NA,1,3,4A,4,7,14451,3,18,282
8/17/17,2,NA,2,3,4A,4,1,500,3,8,292
8/19/17,2,NA,3,3,4A,4,3,8301,3,7,293
9/28/17,2,1,1,3,4A_2,4,0,0,3,83,217
9/30/17,2,1,2,3,4A_2,4,6,10440,3,61,239
10/2/17,2,1,3,3,4A_2,4,13,12660,3,44,256
10/7/17,RH2,1,1,3,4A_3,4,0,0,3,94,206
10/9/17,2,1,2,3,4A_3,4,6,14846,3,11,289
10/11/17,2,1,3,3,4A_3,4,17,107562,3,2,298
8/15/17,2,NA,1,4,4B,4,6,6472,3,5,295
8/17/17,2,NA,2,4,4B,4,0,0,3,49,251
9/28/17,2,1,1,4,4B_2,4,1,719,3,54,246
9/30/17,2,1,2,4,4B_2,4,12,39852,3,7,293
10/2/17,2,1,3,4,4B_2,4,9,12436,3,4,296
10/7/17,RH2,1,1,4,4B_3,4,0,0,3,26,274
10/9/17,2,1,2,4,4B_3,4,3,5818,3,7,293
10/11/17,2,1,3,4,4B_3,4,1,3751,3,8,292
8/15/17,5,NA,1,9,4C,4,16,16644,3,10,290
8/19/17,5,NA,3,9,4C,4,24,61715,3,12,288
8/17/17,5,NA,2,9,4C,4,NA,NA,3,NA,NA
9/28/17,5,12,1,9,4C_2,4,2,1426,3,72,228
9/30/17,5,12,2,9,4C_2,4,10,8657,3,3,297
10/7/17,RH5,12,1,9,4C_3,4,0,0,3,12,288
10/9/17,5,1,2,9,4C_3,4,0,0,3,18,282
10/11/17,5,1,3,9,4C_3,4,0,0,3,30,270
8/15/17,5,NA,1,10,4D,4,9,17463,3,73,227
8/19/17,5,NA,3,10,4D,4,5,22926,3,4,296
8/17/17,5,NA,2,10,4D,4,NA,NA,3,2,298
9/28/17,5,12,1,10,4D_2,4,6,26220,3,10,290
9/30/17,5,12,2,10,4D_2,4,10,42633,3,166,134
10/2/17,5,1,3,10,4D_2,4,7,13173,3,NA,NA
10/7/17,RH5,12,1,10,4D_3,4,7,18914,3,6,294
10/9/17,5,1,2,10,4D_3,4,16,124685,3,18,282
10/11/17,5,1,3,10,4D_3,4,5,5806,3,13,287
8/15/17,2,NA,1,3,4E,4,12,35908,3,11,289
9/30/17,2,NA,2,3,4E_2,4,10,17698,3,5,295
9/28/17,2,2,1,3,4E_2,4,0,0,3,12,288
10/2/17,2,2,3,3,4E_2,4,8,18562,3,42,258
10/7/17,RH2,2,1,3,4E_3,4,1,983,3,13,287
8/15/17,2,NA,1,4,4F,4,17,34332,3,12,288
8/17/17,2,NA,2,4,4F,4,1,702,3,18,282
9/30/17,2,NA,2,4,4F_2,4,11,17597,3,28,272
9/28/17,2,2,1,4,4F_2,4,0,0,3,84,216
10/7/17,RH2,2,1,4,4F_3,4,5,8810,3,8,292
10/9/17,2,2,2,4,4F_3,4,7,18850,3,10,290
10/11/17,2,2,3,4,4F_3,4,0,0,3,NA,NA
9/28/17,5,34,1,9,4G_2,4,0,0,3,10,290
9/30/17,5,3,2,9,4G_2,4,4,3730,3,3,297
10/2/17,5,2,3,9,4G_2,4,0,0,3,300,0
10/7/17,RH5,34,1,9,4G_3,4,0,0,3,3,297
10/9/17,5,2,2,9,4G_3,4,0,0,3,NA,NA
10/11/17,5,2,3,9,4G_3,4,1,835,3,4,296
9/28/17,5,34,1,10,4H_2,4,0,0,3,15,285
9/30/17,5,3,2,10,4H_2,4,0,0,3,18,282
10/2/17,5,2,3,10,4H_2,4,0,0,3,115,185
10/7/17,RH5,34,1,10,4H_3,4,9,13404,3,11,289
10/9/17,5,2,2,10,4H_3,4,1,854,3,4,296
10/11/17,5,2,3,10,4H_3,4,0,0,3,2,298
8/16/17,2,NA,1,3,4I,4,2,2509,3,151,149
9/29/17,2,1,1,2,4I_2,4,1,1039,3,NA,NA
10/1/17,2,1,2,3,4I_2,4,0,0,3,54,246
10/8/17,2,1,1,3,4I_3,4,0,0,3,300,0
10/10/17,2,1,2,3,4I_3,4,4,3944,3,NA,NA
8/16/17,5,NA,1,10,4J,4,9,33073,3,4,296
8/18/17,5,NA,2,10,4J,4,12,29584,3,21,279
8/20/17,5,12,3,10,4J,4,0,0,3,NA,NA
9/29/17,2,2,1,3,4J_2,4,4,7100,3,30,270
10/8/17,2,1,1,4,4J_3,4,0,0,3,300,0
10/10/17,2,1,2,4,4J_3,4,2,4428,3,27,273
8/16/17,2,NA,1,4,4K,4,2,3358,3,5,295
8/18/17,2,NA,2,4,4K,4,1,1714,3,4,296
8/20/17,2,1,3,4,4K,4,3,4759,3,3,297
9/29/17,5,1,1,9,4K_2,4,6,11848,3,9,291
8/16/17,5,NA,1,9,4L,4,15,68221,3,54,246
8/18/17,5,NA,2,9,4L,4,13,124455,3,300,0
9/29/17,5,1,1,10,4L_2,4,2,2970,3,14,286
8/16/17,2,NA,1,3,4M,4,0,0,3,8,292
9/29/17,2,1,1,3,4M_2,4,2,2630,3,56,244
10/1/17,2,2,2,3,4M_2,4,8,36251,3,4,296
10/3/17,2,1,3,3,4M_2,4,4,5298,3,4,296
8/16/17,2,NA,1,4,4N,4,11,55142,3,29,271
8/18/17,2,NA,2,4,4N,4,19,34909,3,8,292
8/20/17,2,2,3,4,4N,4,0,0,3,5,295
8/16/17,5,NA,1,9,4O,4,0,0,3,300,0
9/29/17,2,2,1,4,4O_2,4,7,11899,3,21,279
10/1/17,2,2,2,4,4O_2,4,24,20179,3,4,296
10/3/17,2,1,3,4,4O_2,4,38,78328,3,2,298
8/16/17,5,NA,1,10,4P,4,1,893,3,12,288
9/29/17,5,2,1,9,4P_2,4,11,32608,3,3,297
10/1/17,5,1,2,9,4P_2,4,14,38164,3,2,298
10/3/17,5,12,3,9,4P_2,4,8,16448,3,34,266
10/7/17,RH3,1,1,5,8A_3,8,7,4760,3,2,298
10/9/17,3,1,2,5,8A_3,8,15,21267,3,4,296
10/11/17,3,1,3,5,8A_3,8,30,58372,3,1,299
8/15/17,3,NA,1,5,8B,8,7,6192,3,3,297
9/28/17,3,1,1,6,8B_2,8,0,0,3,41,259
10/7/17,RH3,1,1,6,8B_3,8,7,4655,3,4,296
10/9/17,3,1,2,6,8B_3,8,22,28922,3,3,297
10/11/17,3,1,3,6,8B_3,8,23,17303,3,2,298
9/28/17,6,1,1,11,8C_2,8,5,4601,3,8,292
10/7/17,RH6,1,1,11,8C_3,8,0,0,3,6,294
10/9/17,6,1,2,11,8C_3,8,1,923,3,2,298
10/11/17,6,1,3,11,8C_3,8,2,5718,3,4,296
8/17/17,3,NA,2,6,8D,8,2,2183,3,3,297
8/15/17,3,NA,1,6,8D,8,3,8918,3,7,293
9/28/17,6,1,1,12,8D_2,8,14,36538,3,14,286
10/7/17,RH6,1,1,12,8D_3,8,0,0,3,7,293
8/15/17,6,NA,1,11,8E,8,1,2507,3,2,298
8/19/17,6,NA,3,11,8E,8,4,15681,3,3,297
8/17/17,6,NA,2,11,8E,8,NA,NA,3,4,296
9/28/17,3,2,1,5,8E_2,8,5,9098,3,5,295
9/30/17,3,1,2,5,8E_2,8,24,59813,3,8,292
10/2/17,3,1,3,7,8E_2,8,26,60476,3,3,297
10/7/17,RH3,2,1,5,8E_3,8,1,6300,3,14,286
10/9/17,3,2,2,5,8E_3,8,17,44906,3,5,295
8/15/17,3,NA,1,6,8F,8,4,9357,3,6,294
8/17/17,3,NA,2,6,8F,8,4,3505,3,3,297
8/19/17,3,NA,3,6,8F,8,0,0,3,3,297
9/28/17,3,2,1,6,8F_2,8,16,23998,3,5,295
9/30/17,3,1,2,6,8F_2,8,28,47910,3,2,298
8/15/17,6,NA,1,12,8G,8,0,0,3,3,297
8/19/17,6,NA,3,12,8G,8,2,2264,3,4,296
8/17/17,6,NA,2,12,8G,8,NA,NA,3,NA,NA
9/28/17,6,2,1,11,8G_2,8,6,5961,3,8,292
9/30/17,6,1,2,11,8G_2,8,3,4677,3,2,298
10/7/17,RH6,2,1,11,8G_3,8,7,5228,3,2,298
10/9/17,6,1,2,11,8G_3,8,11,13124,3,3,297
10/11/17,6,2,3,12,8G_3,8,5,6756,3,2,298
9/28/17,6,2,1,12,8H_2,8,3,8023,3,6,294
9/30/17,6,1,2,12,8H_2,8,28,80562,3,23,277
10/7/17,RH6,2,1,12,8H_3,8,0,0,3,8,292
10/9/17,6,2,2,12,8H_3,8,1,726,3,4,296
10/11/17,6,2,3,11,8H_3,8,0,0,3,2,298
8/16/17,3,NA,1,6,8I,8,0,0,3,6,294
9/29/17,3,1,1,5,8I_2,8,21,45706,3,300,0
10/1/17,3,1,2,5,8I_2,8,22,76964,3,3,297
10/8/17,3,1,1,5,8I_3,8,0,0,3,5,295
10/10/17,3,1,2,5,8I_3,8,0,0,3,2,298
10/12/17,3,1,3,5,8I_3,8,0,0,3,2,298
8/16/17,3,NA,1,5,8J,8,0,0,3,4,296
9/29/17,3,1,1,6,8J_2,8,1,1288,3,6,294
10/8/17,3,1,1,6,8J_3,8,1,585,3,5,295
10/10/17,3,1,2,6,8J_3,8,11,21360,3,5,295
10/12/17,3,1,3,6,8J_3,8,7,6064,3,4,296
8/16/17,6,NA,1,11,8K,8,0,0,3,4,296
8/18/17,6,NA,2,11,8K,8,6,12764,3,4,296
9/29/17,6,1,1,11,8K_2,8,0,0,3,4,296
10/1/17,6,1,2,11,8K_2,8,NA,NA,3,2,298
10/3/17,6,1,3,11,8K_2,8,1,508,3,2,298
10/8/17,6,1,1,11,8K_3,8,0,0,3,10,290
8/16/17,6,NA,1,12,8L,8,1,935,3,10,290
8/18/17,6,NA,2,12,8L,8,24,28337,3,6,294
8/20/17,6,1,3,12,8L,8,36,76919,3,2,298
9/29/17,6,1,1,12,8L_2,8,6,7885,3,3,297
10/1/17,6,1,2,12,8L_2,8,NA,NA,3,3,297
10/8/17,6,1,1,12,8L_3,8,1,695,3,65,235
10/10/17,6,1,2,12,8L_3,8,3,2357,3,26,274
10/12/17,6,1,3,12,8L_3,8,0,0,3,13,287
9/29/17,3,2,1,5,8M_2,8,7,1,3,7,293
10/1/17,3,2,2,5,8M_2,8,17,13003,3,2,298
10/3/17,3,1,3,5,8M_2,8,27,37081,3,2,298
9/29/17,3,2,1,6,8N_2,8,2,1589,3,5,295
10/1/17,3,2,2,6,8N_2,8,6,4233,3,3,297
10/3/17,3,1,3,6,8N_2,8,9,24859,3,2,298
8/16/17,3,NA,1,5,8O,8,1,2499,3,4,296
8/18/17,3,NA,2,5,8O,8,21,48429,3,12,288
8/20/17,3,1,3,5,8O,8,38,60598,3,4,296
9/29/17,6,2,1,11,8O_2,8,6,5434,3,6,294
10/1/17,6,2,2,11,8O_2,8,34,50342,3,3,297
10/3/17,6,2,3,11,8O_2,8,44,66265,3,3,297
8/16/17,3,NA,1,6,8P,8,0,0,3,4,296
9/29/17,6,2,1,12,8P_2,8,1,1130,3,12,288
10/1/17,6,2,2,12,8P_2,8,0,0,3,7,293
10/3/17,6,2,3,12,8P_2,8,0,0,3,2,298
8/15/17,1,NA,1,1,2A,2,3,9454,4,NA,NA
8/17/17,1,NA,2,1,2A,2,4,6361,4,NA,NA
9/30/17,1,NA,2,1,2A_2,2,1,1415,4,NA,NA
9/28/17,1,1,1,1,2A_2,2,1,915,4,NA,NA
10/2/17,1,1,3,1,2A_2,2,0,0,4,NA,NA
10/7/17,RH1,1,1,1,2A_3,2,0,0,4,NA,NA
10/9/17,1,1,2,1,2A_3,2,0,0,4,NA,NA
10/11/17,1,1,3,1,2A_3,2,25,118401,4,NA,NA
8/15/17,1,NA,1,2,2B,2,0,0,4,NA,NA
8/17/17,1,NA,2,2,2B,2,0,0,4,NA,NA
8/19/17,1,NA,3,2,2B,2,0,0,4,NA,NA
9/30/17,1,NA,2,2,2B_2,2,2,21168,4,NA,NA
9/28/17,1,1,1,2,2B_2,2,12,35665,4,NA,NA
10/2/17,1,1,3,2,2B_2,2,2,6267,4,NA,NA
10/7/17,RH1,1,1,2,2B_3,2,11,44366,4,NA,NA
10/9/17,1,1,2,2,2B_3,2,4,10202,4,NA,NA
10/11/17,1,1,3,2,2B_3,2,11,34044,4,NA,NA
8/15/17,4,NA,1,7,2C,2,1,606,4,NA,NA
8/17/17,4,NA,2,7,2C,2,NA,NA,4,NA,NA
8/19/17,4,NA,3,7,2C,2,2,1391,4,NA,NA
9/28/17,4,12,1,7,2C_2,2,0,0,4,NA,NA
9/30/17,4,1,2,7,2C_2,2,0,0,4,NA,NA
10/2/17,4,1,3,8,2C_2,2,0,0,4,NA,NA
10/7/17,RH4,12,1,7,2C_3,2,0,0,4,NA,NA
10/9/17,4,1,2,7,2C_3,2,0,0,4,NA,NA
10/11/17,4,1,3,7,2C_3,2,0,0,4,NA,NA
8/15/17,4,NA,1,8,2D,2,19,51555,4,NA,NA
8/19/17,4,NA,3,8,2D,2,0,0,4,NA,NA
8/17/17,4,NA,2,8,2D,2,NA,NA,4,NA,NA
9/28/17,4,12,1,8,2D_2,2,0,0,4,NA,NA
9/30/17,4,1,2,8,2D_2,2,22,88983,4,NA,NA
10/2/17,4,1,3,7,2D_2,2,2,10941,4,NA,NA
10/7/17,RH4,12,1,8,2D_3,2,0,0,4,NA,NA
10/9/17,4,1,2,8,2D_3,2,0,0,4,NA,NA
10/11/17,4,1,3,8,2D_3,2,0,0,4,NA,NA
8/15/17,1,NA,1,1,2E,2,NA,NA,4,NA,NA
9/28/17,1,2,1,1,2E_2,2,9,13254,4,NA,NA
9/30/17,1,2,2,1,2E_2,2,0,0,4,NA,NA
10/7/17,RH1,2,1,1,2E_3,2,1,NA,4,NA,NA
10/9/17,1,2,2,1,2E_3,2,0,0,4,NA,NA
10/11/17,1,2,3,1,2E_3,2,0,0,4,NA,NA
8/15/17,1,3,1,2,2F,2,NA,NA,4,NA,NA
9/28/17,1,2,1,2,2F_2,2,7,28828,4,NA,NA
9/30/17,1,2,2,2,2F_2,2,10,36926,4,NA,NA
10/7/17,RH1,2,1,2,2F_3,2,0,0,4,NA,NA
10/9/17,1,2,2,2,2F_3,2,8,32974,4,NA,NA
10/11/17,1,2,3,2,2F_3,2,0,0,4,NA,NA
8/15/17,4,NA,1,8,2G,2,5,4591,4,NA,NA
8/17/17,1,NA,2,8,2G,2,9,18939,4,NA,NA
8/19/17,4,NA,3,8,2G,2,0,0,4,NA,NA
9/28/17,4,34,1,7,2G_2,2,0,0,4,NA,NA
9/30/17,4,2,2,7,2G_2,2,0,0,4,NA,NA
10/2/17,4,2,3,8,2G_2,2,0,0,4,NA,NA
10/7/17,RH4,3,1,7,2G_3,2,0,0,4,NA,NA
10/9/17,4,2,2,7,2G_3,2,0,0,4,NA,NA
10/11/17,4,2,3,7,2G_3,2,3,4721,4,NA,NA
8/15/17,4,NA,1,7,2H,2,1,1642,4,NA,NA
8/17/17,1,NA,2,7,2H,2,8,20763,4,NA,NA
8/19/17,4,NA,3,7,2H,2,1,2304,4,NA,NA
9/28/17,4,34,1,8,2H_2,2,2,1836,4,NA,NA
10/7/17,RH4,3,1,8,2H_3,2,3,5850,4,NA,NA
10/9/17,4,2,2,8,2H_3,2,0,0,4,NA,NA
10/11/17,4,2,3,8,2H_3,2,0,0,4,NA,NA
8/16/17,1,NA,1,1,2I,2,8,25746,4,NA,NA
9/29/17,1,12,1,1,2I_2,2,15,66413,4,NA,NA
10/1/17,1,1,2,1,2I_2,2,19,20674,4,NA,NA
10/3/17,1,1,3,1,2I_2,2,8,25752,4,NA,NA
10/8/17,1,1,1,1,2I_3,2,0,0,4,NA,NA
10/10/17,1,1,2,1,2I_3,2,0,0,4,NA,NA
10/12/17,1,1,3,1,2I_3,2,0,0,4,NA,NA
8/16/17,1,NA,1,2,2J,2,0,0,4,NA,NA
8/18/17,1,NA,2,2,2J,2,2,7804,4,NA,NA
8/20/17,1,1,3,2,2J,2,0,0,4,NA,NA
9/29/17,1,12,1,2,2J_2,2,2,2691,4,NA,NA
10/1/17,1,1,2,2,2J_2,2,0,0,4,NA,NA
10/3/17,1,1,3,2,2J_2,2,0,0,4,NA,NA
8/16/17,4,NA,1,7,2K,2,0,0,4,NA,NA
8/16/17,4,NA,1,8,2L,2,9,25189,4,NA,NA
8/18/17,4,NA,2,8,2L,2,3,3229,4,NA,NA
8/20/17,4,1,3,8,2L,2,0,0,4,NA,NA
9/29/17,4,1,1,7,2L_2,2,19,134640,4,NA,NA
10/1/17,4,1,2,7,2L_2,2,16,90047,4,NA,NA
10/3/17,4,1,3,7,2L_2,2,0,0,4,NA,NA
8/16/17,1,NA,1,1,2M,2,1,2471,4,NA,NA
8/18/17,1,NA,2,1,2M,2,0,0,4,NA,NA
8/20/17,1,2,3,1,2M,2,0,0,4,NA,NA
9/29/17,4,1,1,8,2M_2,2,0,0,4,NA,NA
10/1/17,4,1,2,8,2M_2,2,0,0,4,NA,NA
10/3/17,4,1,3,8,2M_2,2,0,0,4,NA,NA
8/16/17,1,NA,1,2,2N,2,4,4569,4,NA,NA
8/18/17,1,NA,2,2,2N,2,0,0,4,NA,NA
8/20/17,1,2,3,2,2N,2,0,0,4,NA,NA
9/29/17,1,3,1,1,2N_2,2,4,4468,4,NA,NA
10/1/17,1,2,2,1,2N_2,2,8,12582,4,NA,NA
10/3/17,1,2,3,1,2N_2,2,20,36050,4,NA,NA
8/16/17,4,NA,1,7,2O,2,4,25602,4,NA,NA
8/18/17,4,NA,2,7,2O,2,1,598,4,NA,NA
8/20/17,4,2,3,7,2O,2,10,73516,4,NA,NA
9/29/17,1,3,1,2,2O_2,2,0,0,4,NA,NA
10/1/17,1,2,2,2,2O_2,2,0,0,4,NA,NA
8/16/17,4,NA,1,8,2P,2,0,0,4,NA,NA
8/18/17,4,NA,2,8,2P,2,0,0,4,NA,NA
8/20/17,4,2,3,8,2P,2,0,0,4,NA,NA
9/29/17,4,2,1,7,2P_2,2,0,0,4,NA,NA
10/1/17,4,2,2,7,2P_2,2,0,0,4,NA,NA
10/3/17,4,2,3,7,2P_2,2,0,0,4,NA,NA
8/15/17,2,NA,1,3,4A,4,7,14451,4,NA,NA
8/17/17,2,NA,2,3,4A,4,1,500,4,9,291
8/19/17,2,NA,3,3,4A,4,3,8301,4,NA,NA
9/28/17,2,1,1,3,4A_2,4,0,0,4,85,215
9/30/17,2,1,2,3,4A_2,4,6,10440,4,82,218
10/2/17,2,1,3,3,4A_2,4,13,12660,4,300,0
10/7/17,RH2,1,1,3,4A_3,4,0,0,4,105,195
10/9/17,2,1,2,3,4A_3,4,6,14846,4,14,286
10/11/17,2,1,3,3,4A_3,4,17,107562,4,4,296
8/15/17,2,NA,1,4,4B,4,6,6472,4,30,270
8/17/17,2,NA,2,4,4B,4,0,0,4,54,246
9/28/17,2,1,1,4,4B_2,4,1,719,4,142,158
9/30/17,2,1,2,4,4B_2,4,12,39852,4,14,286
10/2/17,2,1,3,4,4B_2,4,9,12436,4,300,0
10/7/17,RH2,1,1,4,4B_3,4,0,0,4,32,268
10/9/17,2,1,2,4,4B_3,4,3,5818,4,8,292
10/11/17,2,1,3,4,4B_3,4,1,3751,4,NA,NA
8/15/17,5,NA,1,9,4C,4,16,16644,4,28,272
8/19/17,5,NA,3,9,4C,4,24,61715,4,14,286
8/17/17,5,NA,2,9,4C,4,NA,NA,4,NA,NA
9/28/17,5,12,1,9,4C_2,4,2,1426,4,81,219
9/30/17,5,12,2,9,4C_2,4,10,8657,4,175,125
10/7/17,RH5,12,1,9,4C_3,4,0,0,4,152,148
10/9/17,5,1,2,9,4C_3,4,0,0,4,NA,NA
10/11/17,5,1,3,9,4C_3,4,0,0,4,294,6
8/15/17,5,NA,1,10,4D,4,9,17463,4,NA,NA
8/19/17,5,NA,3,10,4D,4,5,22926,4,17,283
8/17/17,5,NA,2,10,4D,4,NA,NA,4,38,262
9/28/17,5,12,1,10,4D_2,4,6,26220,4,NA,NA
9/30/17,5,12,2,10,4D_2,4,10,42633,4,NA,NA
10/2/17,5,1,3,10,4D_2,4,7,13173,4,NA,NA
10/7/17,RH5,12,1,10,4D_3,4,7,18914,4,8,292
10/9/17,5,1,2,10,4D_3,4,16,124685,4,NA,NA
10/11/17,5,1,3,10,4D_3,4,5,5806,4,NA,NA
8/15/17,2,NA,1,3,4E,4,12,35908,4,219,81
9/30/17,2,NA,2,3,4E_2,4,10,17698,4,11,289
9/28/17,2,2,1,3,4E_2,4,0,0,4,14,286
10/2/17,2,2,3,3,4E_2,4,8,18562,4,240,60
10/7/17,RH2,2,1,3,4E_3,4,1,983,4,35,265
8/15/17,2,NA,1,4,4F,4,17,34332,4,31,269
8/17/17,2,NA,2,4,4F,4,1,702,4,31,269
9/30/17,2,NA,2,4,4F_2,4,11,17597,4,35,265
9/28/17,2,2,1,4,4F_2,4,0,0,4,85,215
10/7/17,RH2,2,1,4,4F_3,4,5,8810,4,11,289
10/9/17,2,2,2,4,4F_3,4,7,18850,4,NA,NA
10/11/17,2,2,3,4,4F_3,4,0,0,4,NA,NA
9/28/17,5,34,1,9,4G_2,4,0,0,4,14,286
9/30/17,5,3,2,9,4G_2,4,4,3730,4,4,296
10/2/17,5,2,3,9,4G_2,4,0,0,4,300,0
10/7/17,RH5,34,1,9,4G_3,4,0,0,4,18,282
10/9/17,5,2,2,9,4G_3,4,0,0,4,NA,NA
10/11/17,5,2,3,9,4G_3,4,1,835,4,NA,NA
9/28/17,5,34,1,10,4H_2,4,0,0,4,82,218
9/30/17,5,3,2,10,4H_2,4,0,0,4,102,198
10/2/17,5,2,3,10,4H_2,4,0,0,4,180,120
10/7/17,RH5,34,1,10,4H_3,4,9,13404,4,93,207
10/9/17,5,2,2,10,4H_3,4,1,854,4,6,294
10/11/17,5,2,3,10,4H_3,4,0,0,4,3,297
8/16/17,2,NA,1,3,4I,4,2,2509,4,274,26
9/29/17,2,1,1,2,4I_2,4,1,1039,4,NA,NA
10/1/17,2,1,2,3,4I_2,4,0,0,4,300,0
10/8/17,2,1,1,3,4I_3,4,0,0,4,NA,NA
10/10/17,2,1,2,3,4I_3,4,4,3944,4,NA,NA
8/16/17,5,NA,1,10,4J,4,9,33073,4,5,295
8/18/17,5,NA,2,10,4J,4,12,29584,4,NA,NA
8/20/17,5,12,3,10,4J,4,0,0,4,NA,NA
9/29/17,2,2,1,3,4J_2,4,4,7100,4,149,151
10/8/17,2,1,1,4,4J_3,4,0,0,4,300,0
10/10/17,2,1,2,4,4J_3,4,2,4428,4,288,12
8/16/17,2,NA,1,4,4K,4,2,3358,4,6,294
8/18/17,2,NA,2,4,4K,4,1,1714,4,6,294
8/20/17,2,1,3,4,4K,4,3,4759,4,3,297
9/29/17,5,1,1,9,4K_2,4,6,11848,4,300,0
8/16/17,5,NA,1,9,4L,4,15,68221,4,NA,NA
8/18/17,5,NA,2,9,4L,4,13,124455,4,300,0
9/29/17,5,1,1,10,4L_2,4,2,2970,4,300,0
8/16/17,2,NA,1,3,4M,4,0,0,4,20,280
9/29/17,2,1,1,3,4M_2,4,2,2630,4,140,160
10/1/17,2,2,2,3,4M_2,4,8,36251,4,13,287
10/3/17,2,1,3,3,4M_2,4,4,5298,4,300,0
8/16/17,2,NA,1,4,4N,4,11,55142,4,53,247
8/18/17,2,NA,2,4,4N,4,19,34909,4,10,290
8/20/17,2,2,3,4,4N,4,0,0,4,5,295
8/16/17,5,NA,1,9,4O,4,0,0,4,300,0
9/29/17,2,2,1,4,4O_2,4,7,11899,4,37,263
10/1/17,2,2,2,4,4O_2,4,24,20179,4,10,290
10/3/17,2,1,3,4,4O_2,4,38,78328,4,300,0
8/16/17,5,NA,1,10,4P,4,1,893,4,31,269
9/29/17,5,2,1,9,4P_2,4,11,32608,4,300,0
10/1/17,5,1,2,9,4P_2,4,14,38164,4,300,0
10/3/17,5,12,3,9,4P_2,4,8,16448,4,NA,NA
10/7/17,RH3,1,1,5,8A_3,8,7,4760,4,2,298
10/9/17,3,1,2,5,8A_3,8,15,21267,4,5,295
10/11/17,3,1,3,5,8A_3,8,30,58372,4,2,298
8/15/17,3,NA,1,5,8B,8,7,6192,4,3,297
9/28/17,3,1,1,6,8B_2,8,0,0,4,94,206
10/7/17,RH3,1,1,6,8B_3,8,7,4655,4,5,295
10/9/17,3,1,2,6,8B_3,8,22,28922,4,6,294
10/11/17,3,1,3,6,8B_3,8,23,17303,4,2,298
9/28/17,6,1,1,11,8C_2,8,5,4601,4,9,291
10/7/17,RH6,1,1,11,8C_3,8,0,0,4,7,293
10/9/17,6,1,2,11,8C_3,8,1,923,4,3,297
10/11/17,6,1,3,11,8C_3,8,2,5718,4,5,295
8/17/17,3,NA,2,6,8D,8,2,2183,4,3,297
8/15/17,3,NA,1,6,8D,8,3,8918,4,8,292
9/28/17,6,1,1,12,8D_2,8,14,36538,4,20,280
10/7/17,RH6,1,1,12,8D_3,8,0,0,4,8,292
8/15/17,6,NA,1,11,8E,8,1,2507,4,2,298
8/19/17,6,NA,3,11,8E,8,4,15681,4,4,296
8/17/17,6,NA,2,11,8E,8,NA,NA,4,NA,NA
9/28/17,3,2,1,5,8E_2,8,5,9098,4,9,291
9/30/17,3,1,2,5,8E_2,8,24,59813,4,11,289
10/2/17,3,1,3,7,8E_2,8,26,60476,4,3,297
10/7/17,RH3,2,1,5,8E_3,8,1,6300,4,26,274
10/9/17,3,2,2,5,8E_3,8,17,44906,4,10,290
8/15/17,3,NA,1,6,8F,8,4,9357,4,7,293
8/17/17,3,NA,2,6,8F,8,4,3505,4,4,296
8/19/17,3,NA,3,6,8F,8,0,0,4,4,296
9/28/17,3,2,1,6,8F_2,8,16,23998,4,6,294
9/30/17,3,1,2,6,8F_2,8,28,47910,4,3,297
8/15/17,6,NA,1,12,8G,8,0,0,4,3,297
8/19/17,6,NA,3,12,8G,8,2,2264,4,5,295
8/17/17,6,NA,2,12,8G,8,NA,NA,4,NA,NA
9/28/17,6,2,1,11,8G_2,8,6,5961,4,11,289
9/30/17,6,1,2,11,8G_2,8,3,4677,4,3,297
10/7/17,RH6,2,1,11,8G_3,8,7,5228,4,5,295
10/9/17,6,1,2,11,8G_3,8,11,13124,4,4,296
10/11/17,6,2,3,12,8G_3,8,5,6756,4,2,298
9/28/17,6,2,1,12,8H_2,8,3,8023,4,11,289
9/30/17,6,1,2,12,8H_2,8,28,80562,4,44,256
10/7/17,RH6,2,1,12,8H_3,8,0,0,4,9,291
10/9/17,6,2,2,12,8H_3,8,1,726,4,4,296
10/11/17,6,2,3,11,8H_3,8,0,0,4,3,297
8/16/17,3,NA,1,6,8I,8,0,0,4,6,294
9/29/17,3,1,1,5,8I_2,8,21,45706,4,300,0
10/1/17,3,1,2,5,8I_2,8,22,76964,4,4,296
10/8/17,3,1,1,5,8I_3,8,0,0,4,6,294
10/10/17,3,1,2,5,8I_3,8,0,0,4,3,297
10/12/17,3,1,3,5,8I_3,8,0,0,4,2,298
8/16/17,3,NA,1,5,8J,8,0,0,4,7,293
9/29/17,3,1,1,6,8J_2,8,1,1288,4,7,293
10/8/17,3,1,1,6,8J_3,8,1,585,4,7,293
10/10/17,3,1,2,6,8J_3,8,11,21360,4,6,294
10/12/17,3,1,3,6,8J_3,8,7,6064,4,5,295
8/16/17,6,NA,1,11,8K,8,0,0,4,7,293
8/18/17,6,NA,2,11,8K,8,6,12764,4,5,295
9/29/17,6,1,1,11,8K_2,8,0,0,4,5,295
10/1/17,6,1,2,11,8K_2,8,NA,NA,4,2,298
10/3/17,6,1,3,11,8K_2,8,1,508,4,3,297
10/8/17,6,1,1,11,8K_3,8,0,0,4,24,276
8/16/17,6,NA,1,12,8L,8,1,935,4,10,290
8/18/17,6,NA,2,12,8L,8,24,28337,4,7,293
8/20/17,6,1,3,12,8L,8,36,76919,4,3,297
9/29/17,6,1,1,12,8L_2,8,6,7885,4,5,295
10/1/17,6,1,2,12,8L_2,8,NA,NA,4,3,297
10/8/17,6,1,1,12,8L_3,8,1,695,4,74,226
10/10/17,6,1,2,12,8L_3,8,3,2357,4,35,265
10/12/17,6,1,3,12,8L_3,8,0,0,4,16,284
9/29/17,3,2,1,5,8M_2,8,7,1,4,7,293
10/1/17,3,2,2,5,8M_2,8,17,13003,4,3,297
10/3/17,3,1,3,5,8M_2,8,27,37081,4,3,297
9/29/17,3,2,1,6,8N_2,8,2,1589,4,5,295
10/1/17,3,2,2,6,8N_2,8,6,4233,4,4,296
10/3/17,3,1,3,6,8N_2,8,9,24859,4,2,298
8/16/17,3,NA,1,5,8O,8,1,2499,4,5,295
8/18/17,3,NA,2,5,8O,8,21,48429,4,112,188
8/20/17,3,1,3,5,8O,8,38,60598,4,4,296
9/29/17,6,2,1,11,8O_2,8,6,5434,4,7,293
10/1/17,6,2,2,11,8O_2,8,34,50342,4,3,297
10/3/17,6,2,3,11,8O_2,8,44,66265,4,3,297
8/16/17,3,NA,1,6,8P,8,0,0,4,6,294
9/29/17,6,2,1,12,8P_2,8,1,1130,4,13,287
10/1/17,6,2,2,12,8P_2,8,0,0,4,8,292
10/3/17,6,2,3,12,8P_2,8,0,0,4,3,297
8/15/17,1,NA,1,1,2A,2,3,9454,5,NA,NA
8/17/17,1,NA,2,1,2A,2,4,6361,5,NA,NA
9/30/17,1,NA,2,1,2A_2,2,1,1415,5,NA,NA
9/28/17,1,1,1,1,2A_2,2,1,915,5,NA,NA
10/2/17,1,1,3,1,2A_2,2,0,0,5,NA,NA
10/7/17,RH1,1,1,1,2A_3,2,0,0,5,NA,NA
10/9/17,1,1,2,1,2A_3,2,0,0,5,NA,NA
10/11/17,1,1,3,1,2A_3,2,25,118401,5,NA,NA
8/15/17,1,NA,1,2,2B,2,0,0,5,NA,NA
8/17/17,1,NA,2,2,2B,2,0,0,5,NA,NA
8/19/17,1,NA,3,2,2B,2,0,0,5,NA,NA
9/30/17,1,NA,2,2,2B_2,2,2,21168,5,NA,NA
9/28/17,1,1,1,2,2B_2,2,12,35665,5,NA,NA
10/2/17,1,1,3,2,2B_2,2,2,6267,5,NA,NA
10/7/17,RH1,1,1,2,2B_3,2,11,44366,5,NA,NA
10/9/17,1,1,2,2,2B_3,2,4,10202,5,NA,NA
10/11/17,1,1,3,2,2B_3,2,11,34044,5,NA,NA
8/15/17,4,NA,1,7,2C,2,1,606,5,NA,NA
8/17/17,4,NA,2,7,2C,2,NA,NA,5,NA,NA
8/19/17,4,NA,3,7,2C,2,2,1391,5,NA,NA
9/28/17,4,12,1,7,2C_2,2,0,0,5,NA,NA
9/30/17,4,1,2,7,2C_2,2,0,0,5,NA,NA
10/2/17,4,1,3,8,2C_2,2,0,0,5,NA,NA
10/7/17,RH4,12,1,7,2C_3,2,0,0,5,NA,NA
10/9/17,4,1,2,7,2C_3,2,0,0,5,NA,NA
10/11/17,4,1,3,7,2C_3,2,0,0,5,NA,NA
8/15/17,4,NA,1,8,2D,2,19,51555,5,NA,NA
8/19/17,4,NA,3,8,2D,2,0,0,5,NA,NA
8/17/17,4,NA,2,8,2D,2,NA,NA,5,NA,NA
9/28/17,4,12,1,8,2D_2,2,0,0,5,NA,NA
9/30/17,4,1,2,8,2D_2,2,22,88983,5,NA,NA
10/2/17,4,1,3,7,2D_2,2,2,10941,5,NA,NA
10/7/17,RH4,12,1,8,2D_3,2,0,0,5,NA,NA
10/9/17,4,1,2,8,2D_3,2,0,0,5,NA,NA
10/11/17,4,1,3,8,2D_3,2,0,0,5,NA,NA
8/15/17,1,NA,1,1,2E,2,NA,NA,5,NA,NA
9/28/17,1,2,1,1,2E_2,2,9,13254,5,NA,NA
9/30/17,1,2,2,1,2E_2,2,0,0,5,NA,NA
10/7/17,RH1,2,1,1,2E_3,2,1,NA,5,NA,NA
10/9/17,1,2,2,1,2E_3,2,0,0,5,NA,NA
10/11/17,1,2,3,1,2E_3,2,0,0,5,NA,NA
8/15/17,1,3,1,2,2F,2,NA,NA,5,NA,NA
9/28/17,1,2,1,2,2F_2,2,7,28828,5,NA,NA
9/30/17,1,2,2,2,2F_2,2,10,36926,5,NA,NA
10/7/17,RH1,2,1,2,2F_3,2,0,0,5,NA,NA
10/9/17,1,2,2,2,2F_3,2,8,32974,5,NA,NA
10/11/17,1,2,3,2,2F_3,2,0,0,5,NA,NA
8/15/17,4,NA,1,8,2G,2,5,4591,5,NA,NA
8/17/17,1,NA,2,8,2G,2,9,18939,5,NA,NA
8/19/17,4,NA,3,8,2G,2,0,0,5,NA,NA
9/28/17,4,34,1,7,2G_2,2,0,0,5,NA,NA
9/30/17,4,2,2,7,2G_2,2,0,0,5,NA,NA
10/2/17,4,2,3,8,2G_2,2,0,0,5,NA,NA
10/7/17,RH4,3,1,7,2G_3,2,0,0,5,NA,NA
10/9/17,4,2,2,7,2G_3,2,0,0,5,NA,NA
10/11/17,4,2,3,7,2G_3,2,3,4721,5,NA,NA
8/15/17,4,NA,1,7,2H,2,1,1642,5,NA,NA
8/17/17,1,NA,2,7,2H,2,8,20763,5,NA,NA
8/19/17,4,NA,3,7,2H,2,1,2304,5,NA,NA
9/28/17,4,34,1,8,2H_2,2,2,1836,5,NA,NA
10/7/17,RH4,3,1,8,2H_3,2,3,5850,5,NA,NA
10/9/17,4,2,2,8,2H_3,2,0,0,5,NA,NA
10/11/17,4,2,3,8,2H_3,2,0,0,5,NA,NA
8/16/17,1,NA,1,1,2I,2,8,25746,5,NA,NA
9/29/17,1,12,1,1,2I_2,2,15,66413,5,NA,NA
10/1/17,1,1,2,1,2I_2,2,19,20674,5,NA,NA
10/3/17,1,1,3,1,2I_2,2,8,25752,5,NA,NA
10/8/17,1,1,1,1,2I_3,2,0,0,5,NA,NA
10/10/17,1,1,2,1,2I_3,2,0,0,5,NA,NA
10/12/17,1,1,3,1,2I_3,2,0,0,5,NA,NA
8/16/17,1,NA,1,2,2J,2,0,0,5,NA,NA
8/18/17,1,NA,2,2,2J,2,2,7804,5,NA,NA
8/20/17,1,1,3,2,2J,2,0,0,5,NA,NA
9/29/17,1,12,1,2,2J_2,2,2,2691,5,NA,NA
10/1/17,1,1,2,2,2J_2,2,0,0,5,NA,NA
10/3/17,1,1,3,2,2J_2,2,0,0,5,NA,NA
8/16/17,4,NA,1,7,2K,2,0,0,5,NA,NA
8/16/17,4,NA,1,8,2L,2,9,25189,5,NA,NA
8/18/17,4,NA,2,8,2L,2,3,3229,5,NA,NA
8/20/17,4,1,3,8,2L,2,0,0,5,NA,NA
9/29/17,4,1,1,7,2L_2,2,19,134640,5,NA,NA
10/1/17,4,1,2,7,2L_2,2,16,90047,5,NA,NA
10/3/17,4,1,3,7,2L_2,2,0,0,5,NA,NA
8/16/17,1,NA,1,1,2M,2,1,2471,5,NA,NA
8/18/17,1,NA,2,1,2M,2,0,0,5,NA,NA
8/20/17,1,2,3,1,2M,2,0,0,5,NA,NA
9/29/17,4,1,1,8,2M_2,2,0,0,5,NA,NA
10/1/17,4,1,2,8,2M_2,2,0,0,5,NA,NA
10/3/17,4,1,3,8,2M_2,2,0,0,5,NA,NA
8/16/17,1,NA,1,2,2N,2,4,4569,5,NA,NA
8/18/17,1,NA,2,2,2N,2,0,0,5,NA,NA
8/20/17,1,2,3,2,2N,2,0,0,5,NA,NA
9/29/17,1,3,1,1,2N_2,2,4,4468,5,NA,NA
10/1/17,1,2,2,1,2N_2,2,8,12582,5,NA,NA
10/3/17,1,2,3,1,2N_2,2,20,36050,5,NA,NA
8/16/17,4,NA,1,7,2O,2,4,25602,5,NA,NA
8/18/17,4,NA,2,7,2O,2,1,598,5,NA,NA
8/20/17,4,2,3,7,2O,2,10,73516,5,NA,NA
9/29/17,1,3,1,2,2O_2,2,0,0,5,NA,NA
10/1/17,1,2,2,2,2O_2,2,0,0,5,NA,NA
8/16/17,4,NA,1,8,2P,2,0,0,5,NA,NA
8/18/17,4,NA,2,8,2P,2,0,0,5,NA,NA
8/20/17,4,2,3,8,2P,2,0,0,5,NA,NA
9/29/17,4,2,1,7,2P_2,2,0,0,5,NA,NA
10/1/17,4,2,2,7,2P_2,2,0,0,5,NA,NA
10/3/17,4,2,3,7,2P_2,2,0,0,5,NA,NA
8/15/17,2,NA,1,3,4A,4,7,14451,5,NA,NA
8/17/17,2,NA,2,3,4A,4,1,500,5,NA,NA
8/19/17,2,NA,3,3,4A,4,3,8301,5,NA,NA
9/28/17,2,1,1,3,4A_2,4,0,0,5,NA,NA
9/30/17,2,1,2,3,4A_2,4,6,10440,5,NA,NA
10/2/17,2,1,3,3,4A_2,4,13,12660,5,NA,NA
10/7/17,RH2,1,1,3,4A_3,4,0,0,5,NA,NA
10/9/17,2,1,2,3,4A_3,4,6,14846,5,NA,NA
10/11/17,2,1,3,3,4A_3,4,17,107562,5,NA,NA
8/15/17,2,NA,1,4,4B,4,6,6472,5,NA,NA
8/17/17,2,NA,2,4,4B,4,0,0,5,NA,NA
9/28/17,2,1,1,4,4B_2,4,1,719,5,NA,NA
9/30/17,2,1,2,4,4B_2,4,12,39852,5,NA,NA
10/2/17,2,1,3,4,4B_2,4,9,12436,5,NA,NA
10/7/17,RH2,1,1,4,4B_3,4,0,0,5,NA,NA
10/9/17,2,1,2,4,4B_3,4,3,5818,5,NA,NA
10/11/17,2,1,3,4,4B_3,4,1,3751,5,NA,NA
8/15/17,5,NA,1,9,4C,4,16,16644,5,NA,NA
8/19/17,5,NA,3,9,4C,4,24,61715,5,NA,NA
8/17/17,5,NA,2,9,4C,4,NA,NA,5,NA,NA
9/28/17,5,12,1,9,4C_2,4,2,1426,5,NA,NA
9/30/17,5,12,2,9,4C_2,4,10,8657,5,NA,NA
10/7/17,RH5,12,1,9,4C_3,4,0,0,5,NA,NA
10/9/17,5,1,2,9,4C_3,4,0,0,5,NA,NA
10/11/17,5,1,3,9,4C_3,4,0,0,5,NA,NA
8/15/17,5,NA,1,10,4D,4,9,17463,5,NA,NA
8/19/17,5,NA,3,10,4D,4,5,22926,5,NA,NA
8/17/17,5,NA,2,10,4D,4,NA,NA,5,NA,NA
9/28/17,5,12,1,10,4D_2,4,6,26220,5,NA,NA
9/30/17,5,12,2,10,4D_2,4,10,42633,5,NA,NA
10/2/17,5,1,3,10,4D_2,4,7,13173,5,NA,NA
10/7/17,RH5,12,1,10,4D_3,4,7,18914,5,NA,NA
10/9/17,5,1,2,10,4D_3,4,16,124685,5,NA,NA
10/11/17,5,1,3,10,4D_3,4,5,5806,5,NA,NA
8/15/17,2,NA,1,3,4E,4,12,35908,5,NA,NA
9/30/17,2,NA,2,3,4E_2,4,10,17698,5,NA,NA
9/28/17,2,2,1,3,4E_2,4,0,0,5,NA,NA
10/2/17,2,2,3,3,4E_2,4,8,18562,5,NA,NA
10/7/17,RH2,2,1,3,4E_3,4,1,983,5,NA,NA
8/15/17,2,NA,1,4,4F,4,17,34332,5,NA,NA
8/17/17,2,NA,2,4,4F,4,1,702,5,NA,NA
9/30/17,2,NA,2,4,4F_2,4,11,17597,5,NA,NA
9/28/17,2,2,1,4,4F_2,4,0,0,5,NA,NA
10/7/17,RH2,2,1,4,4F_3,4,5,8810,5,NA,NA
10/9/17,2,2,2,4,4F_3,4,7,18850,5,NA,NA
10/11/17,2,2,3,4,4F_3,4,0,0,5,NA,NA
9/28/17,5,34,1,9,4G_2,4,0,0,5,NA,NA
9/30/17,5,3,2,9,4G_2,4,4,3730,5,NA,NA
10/2/17,5,2,3,9,4G_2,4,0,0,5,NA,NA
10/7/17,RH5,34,1,9,4G_3,4,0,0,5,NA,NA
10/9/17,5,2,2,9,4G_3,4,0,0,5,NA,NA
10/11/17,5,2,3,9,4G_3,4,1,835,5,NA,NA
9/28/17,5,34,1,10,4H_2,4,0,0,5,139,161
9/30/17,5,3,2,10,4H_2,4,0,0,5,NA,NA
10/2/17,5,2,3,10,4H_2,4,0,0,5,NA,NA
10/7/17,RH5,34,1,10,4H_3,4,9,13404,5,NA,NA
10/9/17,5,2,2,10,4H_3,4,1,854,5,NA,NA
10/11/17,5,2,3,10,4H_3,4,0,0,5,NA,NA
8/16/17,2,NA,1,3,4I,4,2,2509,5,NA,NA
9/29/17,2,1,1,2,4I_2,4,1,1039,5,NA,NA
10/1/17,2,1,2,3,4I_2,4,0,0,5,NA,NA
10/8/17,2,1,1,3,4I_3,4,0,0,5,NA,NA
10/10/17,2,1,2,3,4I_3,4,4,3944,5,NA,NA
8/16/17,5,NA,1,10,4J,4,9,33073,5,NA,NA
8/18/17,5,NA,2,10,4J,4,12,29584,5,NA,NA
8/20/17,5,12,3,10,4J,4,0,0,5,NA,NA
9/29/17,2,2,1,3,4J_2,4,4,7100,5,NA,NA
10/8/17,2,1,1,4,4J_3,4,0,0,5,NA,NA
10/10/17,2,1,2,4,4J_3,4,2,4428,5,NA,NA
8/16/17,2,NA,1,4,4K,4,2,3358,5,NA,NA
8/18/17,2,NA,2,4,4K,4,1,1714,5,NA,NA
8/20/17,2,1,3,4,4K,4,3,4759,5,NA,NA
9/29/17,5,1,1,9,4K_2,4,6,11848,5,NA,NA
8/16/17,5,NA,1,9,4L,4,15,68221,5,NA,NA
8/18/17,5,NA,2,9,4L,4,13,124455,5,NA,NA
9/29/17,5,1,1,10,4L_2,4,2,2970,5,NA,NA
8/16/17,2,NA,1,3,4M,4,0,0,5,NA,NA
9/29/17,2,1,1,3,4M_2,4,2,2630,5,NA,NA
10/1/17,2,2,2,3,4M_2,4,8,36251,5,NA,NA
10/3/17,2,1,3,3,4M_2,4,4,5298,5,NA,NA
8/16/17,2,NA,1,4,4N,4,11,55142,5,NA,NA
8/18/17,2,NA,2,4,4N,4,19,34909,5,NA,NA
8/20/17,2,2,3,4,4N,4,0,0,5,NA,NA
8/16/17,5,NA,1,9,4O,4,0,0,5,NA,NA
9/29/17,2,2,1,4,4O_2,4,7,11899,5,NA,NA
10/1/17,2,2,2,4,4O_2,4,24,20179,5,NA,NA
10/3/17,2,1,3,4,4O_2,4,38,78328,5,NA,NA
8/16/17,5,NA,1,10,4P,4,1,893,5,NA,NA
9/29/17,5,2,1,9,4P_2,4,11,32608,5,NA,NA
10/1/17,5,1,2,9,4P_2,4,14,38164,5,NA,NA
10/3/17,5,12,3,9,4P_2,4,8,16448,5,NA,NA
10/7/17,RH3,1,1,5,8A_3,8,7,4760,5,3,297
10/9/17,3,1,2,5,8A_3,8,15,21267,5,14,286
10/11/17,3,1,3,5,8A_3,8,30,58372,5,7,293
8/15/17,3,NA,1,5,8B,8,7,6192,5,11,289
9/28/17,3,1,1,6,8B_2,8,0,0,5,300,0
10/7/17,RH3,1,1,6,8B_3,8,7,4655,5,5,295
10/9/17,3,1,2,6,8B_3,8,22,28922,5,6,294
10/11/17,3,1,3,6,8B_3,8,23,17303,5,4,296
9/28/17,6,1,1,11,8C_2,8,5,4601,5,9,291
10/7/17,RH6,1,1,11,8C_3,8,0,0,5,11,289
10/9/17,6,1,2,11,8C_3,8,1,923,5,3,297
10/11/17,6,1,3,11,8C_3,8,2,5718,5,7,293
8/17/17,3,NA,2,6,8D,8,2,2183,5,5,295
8/15/17,3,NA,1,6,8D,8,3,8918,5,9,291
9/28/17,6,1,1,12,8D_2,8,14,36538,5,24,276
10/7/17,RH6,1,1,12,8D_3,8,0,0,5,9,291
8/15/17,6,NA,1,11,8E,8,1,2507,5,3,297
8/19/17,6,NA,3,11,8E,8,4,15681,5,4,296
8/17/17,6,NA,2,11,8E,8,NA,NA,5,NA,NA
9/28/17,3,2,1,5,8E_2,8,5,9098,5,14,286
9/30/17,3,1,2,5,8E_2,8,24,59813,5,20,280
10/2/17,3,1,3,7,8E_2,8,26,60476,5,3,297
10/7/17,RH3,2,1,5,8E_3,8,1,6300,5,26,274
10/9/17,3,2,2,5,8E_3,8,17,44906,5,12,288
8/15/17,3,NA,1,6,8F,8,4,9357,5,9,291
8/17/17,3,NA,2,6,8F,8,4,3505,5,4,296
8/19/17,3,NA,3,6,8F,8,0,0,5,5,295
9/28/17,3,2,1,6,8F_2,8,16,23998,5,7,293
9/30/17,3,1,2,6,8F_2,8,28,47910,5,55,245
8/15/17,6,NA,1,12,8G,8,0,0,5,4,296
8/19/17,6,NA,3,12,8G,8,2,2264,5,6,294
8/17/17,6,NA,2,12,8G,8,NA,NA,5,NA,NA
9/28/17,6,2,1,11,8G_2,8,6,5961,5,17,283
9/30/17,6,1,2,11,8G_2,8,3,4677,5,4,296
10/7/17,RH6,2,1,11,8G_3,8,7,5228,5,6,294
10/9/17,6,1,2,11,8G_3,8,11,13124,5,5,295
10/11/17,6,2,3,12,8G_3,8,5,6756,5,2,298
9/28/17,6,2,1,12,8H_2,8,3,8023,5,30,270
9/30/17,6,1,2,12,8H_2,8,28,80562,5,NA,NA
10/7/17,RH6,2,1,12,8H_3,8,0,0,5,10,290
10/9/17,6,2,2,12,8H_3,8,1,726,5,4,296
10/11/17,6,2,3,11,8H_3,8,0,0,5,3,297
8/16/17,3,NA,1,6,8I,8,0,0,5,6,294
9/29/17,3,1,1,5,8I_2,8,21,45706,5,300,0
10/1/17,3,1,2,5,8I_2,8,22,76964,5,111,189
10/8/17,3,1,1,5,8I_3,8,0,0,5,9,291
10/10/17,3,1,2,5,8I_3,8,0,0,5,3,297
10/12/17,3,1,3,5,8I_3,8,0,0,5,3,297
8/16/17,3,NA,1,5,8J,8,0,0,5,11,289
9/29/17,3,1,1,6,8J_2,8,1,1288,5,8,292
10/8/17,3,1,1,6,8J_3,8,1,585,5,9,291
10/10/17,3,1,2,6,8J_3,8,11,21360,5,7,293
10/12/17,3,1,3,6,8J_3,8,7,6064,5,7,293
8/16/17,6,NA,1,11,8K,8,0,0,5,8,292
8/18/17,6,NA,2,11,8K,8,6,12764,5,5,295
9/29/17,6,1,1,11,8K_2,8,0,0,5,5,295
10/1/17,6,1,2,11,8K_2,8,NA,NA,5,3,297
10/3/17,6,1,3,11,8K_2,8,1,508,5,4,296
10/8/17,6,1,1,11,8K_3,8,0,0,5,36,264
8/16/17,6,NA,1,12,8L,8,1,935,5,13,287
8/18/17,6,NA,2,12,8L,8,24,28337,5,11,289
8/20/17,6,1,3,12,8L,8,36,76919,5,8,292
9/29/17,6,1,1,12,8L_2,8,6,7885,5,11,289
10/1/17,6,1,2,12,8L_2,8,NA,NA,5,4,296
10/8/17,6,1,1,12,8L_3,8,1,695,5,78,222
10/10/17,6,1,2,12,8L_3,8,3,2357,5,40,260
10/12/17,6,1,3,12,8L_3,8,0,0,5,18,282
9/29/17,3,2,1,5,8M_2,8,7,1,5,12,288
10/1/17,3,2,2,5,8M_2,8,17,13003,5,3,297
10/3/17,3,1,3,5,8M_2,8,27,37081,5,3,297
9/29/17,3,2,1,6,8N_2,8,2,1589,5,8,292
10/1/17,3,2,2,6,8N_2,8,6,4233,5,5,295
10/3/17,3,1,3,6,8N_2,8,9,24859,5,3,297
8/16/17,3,NA,1,5,8O,8,1,2499,5,5,295
8/18/17,3,NA,2,5,8O,8,21,48429,5,193,107
8/20/17,3,1,3,5,8O,8,38,60598,5,5,295
9/29/17,6,2,1,11,8O_2,8,6,5434,5,10,290
10/1/17,6,2,2,11,8O_2,8,34,50342,5,6,294
10/3/17,6,2,3,11,8O_2,8,44,66265,5,4,296
8/16/17,3,NA,1,6,8P,8,0,0,5,27,273
9/29/17,6,2,1,12,8P_2,8,1,1130,5,17,283
10/1/17,6,2,2,12,8P_2,8,0,0,5,12,288
10/3/17,6,2,3,12,8P_2,8,0,0,5,3,297
8/15/17,1,NA,1,1,2A,2,3,9454,6,NA,NA
8/17/17,1,NA,2,1,2A,2,4,6361,6,NA,NA
9/30/17,1,NA,2,1,2A_2,2,1,1415,6,NA,NA
9/28/17,1,1,1,1,2A_2,2,1,915,6,NA,NA
10/2/17,1,1,3,1,2A_2,2,0,0,6,NA,NA
10/7/17,RH1,1,1,1,2A_3,2,0,0,6,NA,NA
10/9/17,1,1,2,1,2A_3,2,0,0,6,NA,NA
10/11/17,1,1,3,1,2A_3,2,25,118401,6,NA,NA
8/15/17,1,NA,1,2,2B,2,0,0,6,NA,NA
8/17/17,1,NA,2,2,2B,2,0,0,6,NA,NA
8/19/17,1,NA,3,2,2B,2,0,0,6,NA,NA
9/30/17,1,NA,2,2,2B_2,2,2,21168,6,NA,NA
9/28/17,1,1,1,2,2B_2,2,12,35665,6,NA,NA
10/2/17,1,1,3,2,2B_2,2,2,6267,6,NA,NA
10/7/17,RH1,1,1,2,2B_3,2,11,44366,6,NA,NA
10/9/17,1,1,2,2,2B_3,2,4,10202,6,NA,NA
10/11/17,1,1,3,2,2B_3,2,11,34044,6,NA,NA
8/15/17,4,NA,1,7,2C,2,1,606,6,NA,NA
8/17/17,4,NA,2,7,2C,2,NA,NA,6,NA,NA
8/19/17,4,NA,3,7,2C,2,2,1391,6,NA,NA
9/28/17,4,12,1,7,2C_2,2,0,0,6,NA,NA
9/30/17,4,1,2,7,2C_2,2,0,0,6,NA,NA
10/2/17,4,1,3,8,2C_2,2,0,0,6,NA,NA
10/7/17,RH4,12,1,7,2C_3,2,0,0,6,NA,NA
10/9/17,4,1,2,7,2C_3,2,0,0,6,NA,NA
10/11/17,4,1,3,7,2C_3,2,0,0,6,NA,NA
8/15/17,4,NA,1,8,2D,2,19,51555,6,NA,NA
8/19/17,4,NA,3,8,2D,2,0,0,6,NA,NA
8/17/17,4,NA,2,8,2D,2,NA,NA,6,NA,NA
9/28/17,4,12,1,8,2D_2,2,0,0,6,NA,NA
9/30/17,4,1,2,8,2D_2,2,22,88983,6,NA,NA
10/2/17,4,1,3,7,2D_2,2,2,10941,6,NA,NA
10/7/17,RH4,12,1,8,2D_3,2,0,0,6,NA,NA
10/9/17,4,1,2,8,2D_3,2,0,0,6,NA,NA
10/11/17,4,1,3,8,2D_3,2,0,0,6,NA,NA
8/15/17,1,NA,1,1,2E,2,NA,NA,6,NA,NA
9/28/17,1,2,1,1,2E_2,2,9,13254,6,NA,NA
9/30/17,1,2,2,1,2E_2,2,0,0,6,NA,NA
10/7/17,RH1,2,1,1,2E_3,2,1,NA,6,NA,NA
10/9/17,1,2,2,1,2E_3,2,0,0,6,NA,NA
10/11/17,1,2,3,1,2E_3,2,0,0,6,NA,NA
8/15/17,1,3,1,2,2F,2,NA,NA,6,NA,NA
9/28/17,1,2,1,2,2F_2,2,7,28828,6,NA,NA
9/30/17,1,2,2,2,2F_2,2,10,36926,6,NA,NA
10/7/17,RH1,2,1,2,2F_3,2,0,0,6,NA,NA
10/9/17,1,2,2,2,2F_3,2,8,32974,6,NA,NA
10/11/17,1,2,3,2,2F_3,2,0,0,6,NA,NA
8/15/17,4,NA,1,8,2G,2,5,4591,6,NA,NA
8/17/17,1,NA,2,8,2G,2,9,18939,6,NA,NA
8/19/17,4,NA,3,8,2G,2,0,0,6,NA,NA
9/28/17,4,34,1,7,2G_2,2,0,0,6,NA,NA
9/30/17,4,2,2,7,2G_2,2,0,0,6,NA,NA
10/2/17,4,2,3,8,2G_2,2,0,0,6,NA,NA
10/7/17,RH4,3,1,7,2G_3,2,0,0,6,NA,NA
10/9/17,4,2,2,7,2G_3,2,0,0,6,NA,NA
10/11/17,4,2,3,7,2G_3,2,3,4721,6,NA,NA
8/15/17,4,NA,1,7,2H,2,1,1642,6,NA,NA
8/17/17,1,NA,2,7,2H,2,8,20763,6,NA,NA
8/19/17,4,NA,3,7,2H,2,1,2304,6,NA,NA
9/28/17,4,34,1,8,2H_2,2,2,1836,6,NA,NA
10/7/17,RH4,3,1,8,2H_3,2,3,5850,6,NA,NA
10/9/17,4,2,2,8,2H_3,2,0,0,6,NA,NA
10/11/17,4,2,3,8,2H_3,2,0,0,6,NA,NA
8/16/17,1,NA,1,1,2I,2,8,25746,6,NA,NA
9/29/17,1,12,1,1,2I_2,2,15,66413,6,NA,NA
10/1/17,1,1,2,1,2I_2,2,19,20674,6,NA,NA
10/3/17,1,1,3,1,2I_2,2,8,25752,6,NA,NA
10/8/17,1,1,1,1,2I_3,2,0,0,6,NA,NA
10/10/17,1,1,2,1,2I_3,2,0,0,6,NA,NA
10/12/17,1,1,3,1,2I_3,2,0,0,6,NA,NA
8/16/17,1,NA,1,2,2J,2,0,0,6,NA,NA
8/18/17,1,NA,2,2,2J,2,2,7804,6,NA,NA
8/20/17,1,1,3,2,2J,2,0,0,6,NA,NA
9/29/17,1,12,1,2,2J_2,2,2,2691,6,NA,NA
10/1/17,1,1,2,2,2J_2,2,0,0,6,NA,NA
10/3/17,1,1,3,2,2J_2,2,0,0,6,NA,NA
8/16/17,4,NA,1,7,2K,2,0,0,6,NA,NA
8/16/17,4,NA,1,8,2L,2,9,25189,6,NA,NA
8/18/17,4,NA,2,8,2L,2,3,3229,6,NA,NA
8/20/17,4,1,3,8,2L,2,0,0,6,NA,NA
9/29/17,4,1,1,7,2L_2,2,19,134640,6,NA,NA
10/1/17,4,1,2,7,2L_2,2,16,90047,6,NA,NA
10/3/17,4,1,3,7,2L_2,2,0,0,6,NA,NA
8/16/17,1,NA,1,1,2M,2,1,2471,6,NA,NA
8/18/17,1,NA,2,1,2M,2,0,0,6,NA,NA
8/20/17,1,2,3,1,2M,2,0,0,6,NA,NA
9/29/17,4,1,1,8,2M_2,2,0,0,6,NA,NA
10/1/17,4,1,2,8,2M_2,2,0,0,6,NA,NA
10/3/17,4,1,3,8,2M_2,2,0,0,6,NA,NA
8/16/17,1,NA,1,2,2N,2,4,4569,6,NA,NA
8/18/17,1,NA,2,2,2N,2,0,0,6,NA,NA
8/20/17,1,2,3,2,2N,2,0,0,6,NA,NA
9/29/17,1,3,1,1,2N_2,2,4,4468,6,NA,NA
10/1/17,1,2,2,1,2N_2,2,8,12582,6,NA,NA
10/3/17,1,2,3,1,2N_2,2,20,36050,6,NA,NA
8/16/17,4,NA,1,7,2O,2,4,25602,6,NA,NA
8/18/17,4,NA,2,7,2O,2,1,598,6,NA,NA
8/20/17,4,2,3,7,2O,2,10,73516,6,NA,NA
9/29/17,1,3,1,2,2O_2,2,0,0,6,NA,NA
10/1/17,1,2,2,2,2O_2,2,0,0,6,NA,NA
8/16/17,4,NA,1,8,2P,2,0,0,6,NA,NA
8/18/17,4,NA,2,8,2P,2,0,0,6,NA,NA
8/20/17,4,2,3,8,2P,2,0,0,6,NA,NA
9/29/17,4,2,1,7,2P_2,2,0,0,6,NA,NA
10/1/17,4,2,2,7,2P_2,2,0,0,6,NA,NA
10/3/17,4,2,3,7,2P_2,2,0,0,6,NA,NA
8/15/17,2,NA,1,3,4A,4,7,14451,6,NA,NA
8/17/17,2,NA,2,3,4A,4,1,500,6,NA,NA
8/19/17,2,NA,3,3,4A,4,3,8301,6,NA,NA
9/28/17,2,1,1,3,4A_2,4,0,0,6,NA,NA
9/30/17,2,1,2,3,4A_2,4,6,10440,6,NA,NA
10/2/17,2,1,3,3,4A_2,4,13,12660,6,NA,NA
10/7/17,RH2,1,1,3,4A_3,4,0,0,6,NA,NA
10/9/17,2,1,2,3,4A_3,4,6,14846,6,NA,NA
10/11/17,2,1,3,3,4A_3,4,17,107562,6,NA,NA
8/15/17,2,NA,1,4,4B,4,6,6472,6,NA,NA
8/17/17,2,NA,2,4,4B,4,0,0,6,NA,NA
9/28/17,2,1,1,4,4B_2,4,1,719,6,NA,NA
9/30/17,2,1,2,4,4B_2,4,12,39852,6,NA,NA
10/2/17,2,1,3,4,4B_2,4,9,12436,6,NA,NA
10/7/17,RH2,1,1,4,4B_3,4,0,0,6,NA,NA
10/9/17,2,1,2,4,4B_3,4,3,5818,6,NA,NA
10/11/17,2,1,3,4,4B_3,4,1,3751,6,NA,NA
8/15/17,5,NA,1,9,4C,4,16,16644,6,NA,NA
8/19/17,5,NA,3,9,4C,4,24,61715,6,NA,NA
8/17/17,5,NA,2,9,4C,4,NA,NA,6,NA,NA
9/28/17,5,12,1,9,4C_2,4,2,1426,6,NA,NA
9/30/17,5,12,2,9,4C_2,4,10,8657,6,NA,NA
10/7/17,RH5,12,1,9,4C_3,4,0,0,6,NA,NA
10/9/17,5,1,2,9,4C_3,4,0,0,6,NA,NA
10/11/17,5,1,3,9,4C_3,4,0,0,6,NA,NA
8/15/17,5,NA,1,10,4D,4,9,17463,6,NA,NA
8/19/17,5,NA,3,10,4D,4,5,22926,6,NA,NA
8/17/17,5,NA,2,10,4D,4,NA,NA,6,NA,NA
9/28/17,5,12,1,10,4D_2,4,6,26220,6,NA,NA
9/30/17,5,12,2,10,4D_2,4,10,42633,6,NA,NA
10/2/17,5,1,3,10,4D_2,4,7,13173,6,NA,NA
10/7/17,RH5,12,1,10,4D_3,4,7,18914,6,NA,NA
10/9/17,5,1,2,10,4D_3,4,16,124685,6,NA,NA
10/11/17,5,1,3,10,4D_3,4,5,5806,6,NA,NA
8/15/17,2,NA,1,3,4E,4,12,35908,6,NA,NA
9/30/17,2,NA,2,3,4E_2,4,10,17698,6,NA,NA
9/28/17,2,2,1,3,4E_2,4,0,0,6,NA,NA
10/2/17,2,2,3,3,4E_2,4,8,18562,6,NA,NA
10/7/17,RH2,2,1,3,4E_3,4,1,983,6,NA,NA
8/15/17,2,NA,1,4,4F,4,17,34332,6,NA,NA
8/17/17,2,NA,2,4,4F,4,1,702,6,NA,NA
9/30/17,2,NA,2,4,4F_2,4,11,17597,6,NA,NA
9/28/17,2,2,1,4,4F_2,4,0,0,6,NA,NA
10/7/17,RH2,2,1,4,4F_3,4,5,8810,6,NA,NA
10/9/17,2,2,2,4,4F_3,4,7,18850,6,NA,NA
10/11/17,2,2,3,4,4F_3,4,0,0,6,NA,NA
9/28/17,5,34,1,9,4G_2,4,0,0,6,NA,NA
9/30/17,5,3,2,9,4G_2,4,4,3730,6,NA,NA
10/2/17,5,2,3,9,4G_2,4,0,0,6,NA,NA
10/7/17,RH5,34,1,9,4G_3,4,0,0,6,NA,NA
10/9/17,5,2,2,9,4G_3,4,0,0,6,NA,NA
10/11/17,5,2,3,9,4G_3,4,1,835,6,NA,NA
9/28/17,5,34,1,10,4H_2,4,0,0,6,NA,NA
9/30/17,5,3,2,10,4H_2,4,0,0,6,NA,NA
10/2/17,5,2,3,10,4H_2,4,0,0,6,NA,NA
10/7/17,RH5,34,1,10,4H_3,4,9,13404,6,NA,NA
10/9/17,5,2,2,10,4H_3,4,1,854,6,NA,NA
10/11/17,5,2,3,10,4H_3,4,0,0,6,NA,NA
8/16/17,2,NA,1,3,4I,4,2,2509,6,NA,NA
9/29/17,2,1,1,2,4I_2,4,1,1039,6,NA,NA
10/1/17,2,1,2,3,4I_2,4,0,0,6,NA,NA
10/8/17,2,1,1,3,4I_3,4,0,0,6,NA,NA
10/10/17,2,1,2,3,4I_3,4,4,3944,6,NA,NA
8/16/17,5,NA,1,10,4J,4,9,33073,6,NA,NA
8/18/17,5,NA,2,10,4J,4,12,29584,6,NA,NA
8/20/17,5,12,3,10,4J,4,0,0,6,NA,NA
9/29/17,2,2,1,3,4J_2,4,4,7100,6,NA,NA
10/8/17,2,1,1,4,4J_3,4,0,0,6,NA,NA
10/10/17,2,1,2,4,4J_3,4,2,4428,6,NA,NA
8/16/17,2,NA,1,4,4K,4,2,3358,6,NA,NA
8/18/17,2,NA,2,4,4K,4,1,1714,6,NA,NA
8/20/17,2,1,3,4,4K,4,3,4759,6,NA,NA
9/29/17,5,1,1,9,4K_2,4,6,11848,6,NA,NA
8/16/17,5,NA,1,9,4L,4,15,68221,6,NA,NA
8/18/17,5,NA,2,9,4L,4,13,124455,6,NA,NA
9/29/17,5,1,1,10,4L_2,4,2,2970,6,NA,NA
8/16/17,2,NA,1,3,4M,4,0,0,6,NA,NA
9/29/17,2,1,1,3,4M_2,4,2,2630,6,NA,NA
10/1/17,2,2,2,3,4M_2,4,8,36251,6,NA,NA
10/3/17,2,1,3,3,4M_2,4,4,5298,6,NA,NA
8/16/17,2,NA,1,4,4N,4,11,55142,6,NA,NA
8/18/17,2,NA,2,4,4N,4,19,34909,6,NA,NA
8/20/17,2,2,3,4,4N,4,0,0,6,NA,NA
8/16/17,5,NA,1,9,4O,4,0,0,6,NA,NA
9/29/17,2,2,1,4,4O_2,4,7,11899,6,NA,NA
10/1/17,2,2,2,4,4O_2,4,24,20179,6,NA,NA
10/3/17,2,1,3,4,4O_2,4,38,78328,6,NA,NA
8/16/17,5,NA,1,10,4P,4,1,893,6,NA,NA
9/29/17,5,2,1,9,4P_2,4,11,32608,6,NA,NA
10/1/17,5,1,2,9,4P_2,4,14,38164,6,NA,NA
10/3/17,5,12,3,9,4P_2,4,8,16448,6,NA,NA
10/7/17,RH3,1,1,5,8A_3,8,7,4760,6,4,296
10/9/17,3,1,2,5,8A_3,8,15,21267,6,28,272
10/11/17,3,1,3,5,8A_3,8,30,58372,6,18,282
8/15/17,3,NA,1,5,8B,8,7,6192,6,13,287
9/28/17,3,1,1,6,8B_2,8,0,0,6,300,0
10/7/17,RH3,1,1,6,8B_3,8,7,4655,6,13,287
10/9/17,3,1,2,6,8B_3,8,22,28922,6,8,292
10/11/17,3,1,3,6,8B_3,8,23,17303,6,6,294
9/28/17,6,1,1,11,8C_2,8,5,4601,6,13,287
10/7/17,RH6,1,1,11,8C_3,8,0,0,6,13,287
10/9/17,6,1,2,11,8C_3,8,1,923,6,4,296
10/11/17,6,1,3,11,8C_3,8,2,5718,6,7,293
8/17/17,3,NA,2,6,8D,8,2,2183,6,6,294
8/15/17,3,NA,1,6,8D,8,3,8918,6,10,290
9/28/17,6,1,1,12,8D_2,8,14,36538,6,37,263
10/7/17,RH6,1,1,12,8D_3,8,0,0,6,12,288
8/15/17,6,NA,1,11,8E,8,1,2507,6,3,297
8/19/17,6,NA,3,11,8E,8,4,15681,6,10,290
8/17/17,6,NA,2,11,8E,8,NA,NA,6,NA,NA
9/28/17,3,2,1,5,8E_2,8,5,9098,6,14,286
9/30/17,3,1,2,5,8E_2,8,24,59813,6,90,210
10/2/17,3,1,3,7,8E_2,8,26,60476,6,4,296
10/7/17,RH3,2,1,5,8E_3,8,1,6300,6,34,266
10/9/17,3,2,2,5,8E_3,8,17,44906,6,58,242
8/15/17,3,NA,1,6,8F,8,4,9357,6,11,289
8/17/17,3,NA,2,6,8F,8,4,3505,6,5,295
8/19/17,3,NA,3,6,8F,8,0,0,6,NA,NA
9/28/17,3,2,1,6,8F_2,8,16,23998,6,15,285
9/30/17,3,1,2,6,8F_2,8,28,47910,6,64,236
8/15/17,6,NA,1,12,8G,8,0,0,6,12,288
8/19/17,6,NA,3,12,8G,8,2,2264,6,11,289
8/17/17,6,NA,2,12,8G,8,NA,NA,6,NA,NA
9/28/17,6,2,1,11,8G_2,8,6,5961,6,24,276
9/30/17,6,1,2,11,8G_2,8,3,4677,6,6,294
10/7/17,RH6,2,1,11,8G_3,8,7,5228,6,9,291
10/9/17,6,1,2,11,8G_3,8,11,13124,6,8,292
10/11/17,6,2,3,12,8G_3,8,5,6756,6,3,297
9/28/17,6,2,1,12,8H_2,8,3,8023,6,36,264
9/30/17,6,1,2,12,8H_2,8,28,80562,6,NA,NA
10/7/17,RH6,2,1,12,8H_3,8,0,0,6,14,286
10/9/17,6,2,2,12,8H_3,8,1,726,6,6,294
10/11/17,6,2,3,11,8H_3,8,0,0,6,3,297
8/16/17,3,NA,1,6,8I,8,0,0,6,8,292
9/29/17,3,1,1,5,8I_2,8,21,45706,6,300,0
10/1/17,3,1,2,5,8I_2,8,22,76964,6,300,0
10/8/17,3,1,1,5,8I_3,8,0,0,6,11,289
10/10/17,3,1,2,5,8I_3,8,0,0,6,3,297
10/12/17,3,1,3,5,8I_3,8,0,0,6,4,296
8/16/17,3,NA,1,5,8J,8,0,0,6,22,278
9/29/17,3,1,1,6,8J_2,8,1,1288,6,18,282
10/8/17,3,1,1,6,8J_3,8,1,585,6,45,255
10/10/17,3,1,2,6,8J_3,8,11,21360,6,9,291
10/12/17,3,1,3,6,8J_3,8,7,6064,6,54,246
8/16/17,6,NA,1,11,8K,8,0,0,6,9,291
8/18/17,6,NA,2,11,8K,8,6,12764,6,6,294
9/29/17,6,1,1,11,8K_2,8,0,0,6,6,294
10/1/17,6,1,2,11,8K_2,8,NA,NA,6,4,296
10/3/17,6,1,3,11,8K_2,8,1,508,6,4,296
10/8/17,6,1,1,11,8K_3,8,0,0,6,81,219
8/16/17,6,NA,1,12,8L,8,1,935,6,28,272
8/18/17,6,NA,2,12,8L,8,24,28337,6,34,266
8/20/17,6,1,3,12,8L,8,36,76919,6,14,286
9/29/17,6,1,1,12,8L_2,8,6,7885,6,37,263
10/1/17,6,1,2,12,8L_2,8,NA,NA,6,4,296
10/8/17,6,1,1,12,8L_3,8,1,695,6,91,209
10/10/17,6,1,2,12,8L_3,8,3,2357,6,107,193
10/12/17,6,1,3,12,8L_3,8,0,0,6,19,281
9/29/17,3,2,1,5,8M_2,8,7,1,6,16,284
10/1/17,3,2,2,5,8M_2,8,17,13003,6,4,296
10/3/17,3,1,3,5,8M_2,8,27,37081,6,4,296
9/29/17,3,2,1,6,8N_2,8,2,1589,6,14,286
10/1/17,3,2,2,6,8N_2,8,6,4233,6,7,293
10/3/17,3,1,3,6,8N_2,8,9,24859,6,3,297
8/16/17,3,NA,1,5,8O,8,1,2499,6,6,294
8/18/17,3,NA,2,5,8O,8,21,48429,6,26,274
8/20/17,3,1,3,5,8O,8,38,60598,6,5,295
9/29/17,6,2,1,11,8O_2,8,6,5434,6,12,288
10/1/17,6,2,2,11,8O_2,8,34,50342,6,7,293
10/3/17,6,2,3,11,8O_2,8,44,66265,6,21,279
8/16/17,3,NA,1,6,8P,8,0,0,6,NA,NA
9/29/17,6,2,1,12,8P_2,8,1,1130,6,29,271
10/1/17,6,2,2,12,8P_2,8,0,0,6,14,286
10/3/17,6,2,3,12,8P_2,8,0,0,6,5,295
8/15/17,1,NA,1,1,2A,2,3,9454,7,NA,NA
8/17/17,1,NA,2,1,2A,2,4,6361,7,NA,NA
9/30/17,1,NA,2,1,2A_2,2,1,1415,7,NA,NA
9/28/17,1,1,1,1,2A_2,2,1,915,7,NA,NA
10/2/17,1,1,3,1,2A_2,2,0,0,7,NA,NA
10/7/17,RH1,1,1,1,2A_3,2,0,0,7,NA,NA
10/9/17,1,1,2,1,2A_3,2,0,0,7,NA,NA
10/11/17,1,1,3,1,2A_3,2,25,118401,7,NA,NA
8/15/17,1,NA,1,2,2B,2,0,0,7,NA,NA
8/17/17,1,NA,2,2,2B,2,0,0,7,NA,NA
8/19/17,1,NA,3,2,2B,2,0,0,7,NA,NA
9/30/17,1,NA,2,2,2B_2,2,2,21168,7,NA,NA
9/28/17,1,1,1,2,2B_2,2,12,35665,7,NA,NA
10/2/17,1,1,3,2,2B_2,2,2,6267,7,NA,NA
10/7/17,RH1,1,1,2,2B_3,2,11,44366,7,NA,NA
10/9/17,1,1,2,2,2B_3,2,4,10202,7,NA,NA
10/11/17,1,1,3,2,2B_3,2,11,34044,7,NA,NA
8/15/17,4,NA,1,7,2C,2,1,606,7,NA,NA
8/17/17,4,NA,2,7,2C,2,NA,NA,7,NA,NA
8/19/17,4,NA,3,7,2C,2,2,1391,7,NA,NA
9/28/17,4,12,1,7,2C_2,2,0,0,7,NA,NA
9/30/17,4,1,2,7,2C_2,2,0,0,7,NA,NA
10/2/17,4,1,3,8,2C_2,2,0,0,7,NA,NA
10/7/17,RH4,12,1,7,2C_3,2,0,0,7,NA,NA
10/9/17,4,1,2,7,2C_3,2,0,0,7,NA,NA
10/11/17,4,1,3,7,2C_3,2,0,0,7,NA,NA
8/15/17,4,NA,1,8,2D,2,19,51555,7,NA,NA
8/19/17,4,NA,3,8,2D,2,0,0,7,NA,NA
8/17/17,4,NA,2,8,2D,2,NA,NA,7,NA,NA
9/28/17,4,12,1,8,2D_2,2,0,0,7,NA,NA
9/30/17,4,1,2,8,2D_2,2,22,88983,7,NA,NA
10/2/17,4,1,3,7,2D_2,2,2,10941,7,NA,NA
10/7/17,RH4,12,1,8,2D_3,2,0,0,7,NA,NA
10/9/17,4,1,2,8,2D_3,2,0,0,7,NA,NA
10/11/17,4,1,3,8,2D_3,2,0,0,7,NA,NA
8/15/17,1,NA,1,1,2E,2,NA,NA,7,NA,NA
9/28/17,1,2,1,1,2E_2,2,9,13254,7,NA,NA
9/30/17,1,2,2,1,2E_2,2,0,0,7,NA,NA
10/7/17,RH1,2,1,1,2E_3,2,1,NA,7,NA,NA
10/9/17,1,2,2,1,2E_3,2,0,0,7,NA,NA
10/11/17,1,2,3,1,2E_3,2,0,0,7,NA,NA
8/15/17,1,3,1,2,2F,2,NA,NA,7,NA,NA
9/28/17,1,2,1,2,2F_2,2,7,28828,7,NA,NA
9/30/17,1,2,2,2,2F_2,2,10,36926,7,NA,NA
10/7/17,RH1,2,1,2,2F_3,2,0,0,7,NA,NA
10/9/17,1,2,2,2,2F_3,2,8,32974,7,NA,NA
10/11/17,1,2,3,2,2F_3,2,0,0,7,NA,NA
8/15/17,4,NA,1,8,2G,2,5,4591,7,NA,NA
8/17/17,1,NA,2,8,2G,2,9,18939,7,NA,NA
8/19/17,4,NA,3,8,2G,2,0,0,7,NA,NA
9/28/17,4,34,1,7,2G_2,2,0,0,7,NA,NA
9/30/17,4,2,2,7,2G_2,2,0,0,7,NA,NA
10/2/17,4,2,3,8,2G_2,2,0,0,7,NA,NA
10/7/17,RH4,3,1,7,2G_3,2,0,0,7,NA,NA
10/9/17,4,2,2,7,2G_3,2,0,0,7,NA,NA
10/11/17,4,2,3,7,2G_3,2,3,4721,7,NA,NA
8/15/17,4,NA,1,7,2H,2,1,1642,7,NA,NA
8/17/17,1,NA,2,7,2H,2,8,20763,7,NA,NA
8/19/17,4,NA,3,7,2H,2,1,2304,7,NA,NA
9/28/17,4,34,1,8,2H_2,2,2,1836,7,NA,NA
10/7/17,RH4,3,1,8,2H_3,2,3,5850,7,NA,NA
10/9/17,4,2,2,8,2H_3,2,0,0,7,NA,NA
10/11/17,4,2,3,8,2H_3,2,0,0,7,NA,NA
8/16/17,1,NA,1,1,2I,2,8,25746,7,NA,NA
9/29/17,1,12,1,1,2I_2,2,15,66413,7,NA,NA
10/1/17,1,1,2,1,2I_2,2,19,20674,7,NA,NA
10/3/17,1,1,3,1,2I_2,2,8,25752,7,NA,NA
10/8/17,1,1,1,1,2I_3,2,0,0,7,NA,NA
10/10/17,1,1,2,1,2I_3,2,0,0,7,NA,NA
10/12/17,1,1,3,1,2I_3,2,0,0,7,NA,NA
8/16/17,1,NA,1,2,2J,2,0,0,7,NA,NA
8/18/17,1,NA,2,2,2J,2,2,7804,7,NA,NA
8/20/17,1,1,3,2,2J,2,0,0,7,NA,NA
9/29/17,1,12,1,2,2J_2,2,2,2691,7,NA,NA
10/1/17,1,1,2,2,2J_2,2,0,0,7,NA,NA
10/3/17,1,1,3,2,2J_2,2,0,0,7,NA,NA
8/16/17,4,NA,1,7,2K,2,0,0,7,NA,NA
8/16/17,4,NA,1,8,2L,2,9,25189,7,NA,NA
8/18/17,4,NA,2,8,2L,2,3,3229,7,NA,NA
8/20/17,4,1,3,8,2L,2,0,0,7,NA,NA
9/29/17,4,1,1,7,2L_2,2,19,134640,7,NA,NA
10/1/17,4,1,2,7,2L_2,2,16,90047,7,NA,NA
10/3/17,4,1,3,7,2L_2,2,0,0,7,NA,NA
8/16/17,1,NA,1,1,2M,2,1,2471,7,NA,NA
8/18/17,1,NA,2,1,2M,2,0,0,7,NA,NA
8/20/17,1,2,3,1,2M,2,0,0,7,NA,NA
9/29/17,4,1,1,8,2M_2,2,0,0,7,NA,NA
10/1/17,4,1,2,8,2M_2,2,0,0,7,NA,NA
10/3/17,4,1,3,8,2M_2,2,0,0,7,NA,NA
8/16/17,1,NA,1,2,2N,2,4,4569,7,NA,NA
8/18/17,1,NA,2,2,2N,2,0,0,7,NA,NA
8/20/17,1,2,3,2,2N,2,0,0,7,NA,NA
9/29/17,1,3,1,1,2N_2,2,4,4468,7,NA,NA
10/1/17,1,2,2,1,2N_2,2,8,12582,7,NA,NA
10/3/17,1,2,3,1,2N_2,2,20,36050,7,NA,NA
8/16/17,4,NA,1,7,2O,2,4,25602,7,NA,NA
8/18/17,4,NA,2,7,2O,2,1,598,7,NA,NA
8/20/17,4,2,3,7,2O,2,10,73516,7,NA,NA
9/29/17,1,3,1,2,2O_2,2,0,0,7,NA,NA
10/1/17,1,2,2,2,2O_2,2,0,0,7,NA,NA
8/16/17,4,NA,1,8,2P,2,0,0,7,NA,NA
8/18/17,4,NA,2,8,2P,2,0,0,7,NA,NA
8/20/17,4,2,3,8,2P,2,0,0,7,NA,NA
9/29/17,4,2,1,7,2P_2,2,0,0,7,NA,NA
10/1/17,4,2,2,7,2P_2,2,0,0,7,NA,NA
10/3/17,4,2,3,7,2P_2,2,0,0,7,NA,NA
8/15/17,2,NA,1,3,4A,4,7,14451,7,NA,NA
8/17/17,2,NA,2,3,4A,4,1,500,7,NA,NA
8/19/17,2,NA,3,3,4A,4,3,8301,7,NA,NA
9/28/17,2,1,1,3,4A_2,4,0,0,7,NA,NA
9/30/17,2,1,2,3,4A_2,4,6,10440,7,NA,NA
10/2/17,2,1,3,3,4A_2,4,13,12660,7,NA,NA
10/7/17,RH2,1,1,3,4A_3,4,0,0,7,NA,NA
10/9/17,2,1,2,3,4A_3,4,6,14846,7,NA,NA
10/11/17,2,1,3,3,4A_3,4,17,107562,7,NA,NA
8/15/17,2,NA,1,4,4B,4,6,6472,7,NA,NA
8/17/17,2,NA,2,4,4B,4,0,0,7,NA,NA
9/28/17,2,1,1,4,4B_2,4,1,719,7,NA,NA
9/30/17,2,1,2,4,4B_2,4,12,39852,7,NA,NA
10/2/17,2,1,3,4,4B_2,4,9,12436,7,NA,NA
10/7/17,RH2,1,1,4,4B_3,4,0,0,7,NA,NA
10/9/17,2,1,2,4,4B_3,4,3,5818,7,NA,NA
10/11/17,2,1,3,4,4B_3,4,1,3751,7,NA,NA
8/15/17,5,NA,1,9,4C,4,16,16644,7,NA,NA
8/19/17,5,NA,3,9,4C,4,24,61715,7,NA,NA
8/17/17,5,NA,2,9,4C,4,NA,NA,7,NA,NA
9/28/17,5,12,1,9,4C_2,4,2,1426,7,NA,NA
9/30/17,5,12,2,9,4C_2,4,10,8657,7,NA,NA
10/7/17,RH5,12,1,9,4C_3,4,0,0,7,NA,NA
10/9/17,5,1,2,9,4C_3,4,0,0,7,NA,NA
10/11/17,5,1,3,9,4C_3,4,0,0,7,NA,NA
8/15/17,5,NA,1,10,4D,4,9,17463,7,NA,NA
8/19/17,5,NA,3,10,4D,4,5,22926,7,NA,NA
8/17/17,5,NA,2,10,4D,4,NA,NA,7,NA,NA
9/28/17,5,12,1,10,4D_2,4,6,26220,7,NA,NA
9/30/17,5,12,2,10,4D_2,4,10,42633,7,NA,NA
10/2/17,5,1,3,10,4D_2,4,7,13173,7,NA,NA
10/7/17,RH5,12,1,10,4D_3,4,7,18914,7,NA,NA
10/9/17,5,1,2,10,4D_3,4,16,124685,7,NA,NA
10/11/17,5,1,3,10,4D_3,4,5,5806,7,NA,NA
8/15/17,2,NA,1,3,4E,4,12,35908,7,NA,NA
9/30/17,2,NA,2,3,4E_2,4,10,17698,7,NA,NA
9/28/17,2,2,1,3,4E_2,4,0,0,7,NA,NA
10/2/17,2,2,3,3,4E_2,4,8,18562,7,NA,NA
10/7/17,RH2,2,1,3,4E_3,4,1,983,7,NA,NA
8/15/17,2,NA,1,4,4F,4,17,34332,7,NA,NA
8/17/17,2,NA,2,4,4F,4,1,702,7,NA,NA
9/30/17,2,NA,2,4,4F_2,4,11,17597,7,NA,NA
9/28/17,2,2,1,4,4F_2,4,0,0,7,NA,NA
10/7/17,RH2,2,1,4,4F_3,4,5,8810,7,NA,NA
10/9/17,2,2,2,4,4F_3,4,7,18850,7,NA,NA
10/11/17,2,2,3,4,4F_3,4,0,0,7,NA,NA
9/28/17,5,34,1,9,4G_2,4,0,0,7,NA,NA
9/30/17,5,3,2,9,4G_2,4,4,3730,7,NA,NA
10/2/17,5,2,3,9,4G_2,4,0,0,7,NA,NA
10/7/17,RH5,34,1,9,4G_3,4,0,0,7,NA,NA
10/9/17,5,2,2,9,4G_3,4,0,0,7,NA,NA
10/11/17,5,2,3,9,4G_3,4,1,835,7,NA,NA
9/28/17,5,34,1,10,4H_2,4,0,0,7,NA,NA
9/30/17,5,3,2,10,4H_2,4,0,0,7,NA,NA
10/2/17,5,2,3,10,4H_2,4,0,0,7,NA,NA
10/7/17,RH5,34,1,10,4H_3,4,9,13404,7,NA,NA
10/9/17,5,2,2,10,4H_3,4,1,854,7,NA,NA
10/11/17,5,2,3,10,4H_3,4,0,0,7,NA,NA
8/16/17,2,NA,1,3,4I,4,2,2509,7,NA,NA
9/29/17,2,1,1,2,4I_2,4,1,1039,7,NA,NA
10/1/17,2,1,2,3,4I_2,4,0,0,7,NA,NA
10/8/17,2,1,1,3,4I_3,4,0,0,7,NA,NA
10/10/17,2,1,2,3,4I_3,4,4,3944,7,NA,NA
8/16/17,5,NA,1,10,4J,4,9,33073,7,NA,NA
8/18/17,5,NA,2,10,4J,4,12,29584,7,NA,NA
8/20/17,5,12,3,10,4J,4,0,0,7,NA,NA
9/29/17,2,2,1,3,4J_2,4,4,7100,7,NA,NA
10/8/17,2,1,1,4,4J_3,4,0,0,7,NA,NA
10/10/17,2,1,2,4,4J_3,4,2,4428,7,NA,NA
8/16/17,2,NA,1,4,4K,4,2,3358,7,NA,NA
8/18/17,2,NA,2,4,4K,4,1,1714,7,NA,NA
8/20/17,2,1,3,4,4K,4,3,4759,7,NA,NA
9/29/17,5,1,1,9,4K_2,4,6,11848,7,NA,NA
8/16/17,5,NA,1,9,4L,4,15,68221,7,NA,NA
8/18/17,5,NA,2,9,4L,4,13,124455,7,NA,NA
9/29/17,5,1,1,10,4L_2,4,2,2970,7,NA,NA
8/16/17,2,NA,1,3,4M,4,0,0,7,NA,NA
9/29/17,2,1,1,3,4M_2,4,2,2630,7,NA,NA
10/1/17,2,2,2,3,4M_2,4,8,36251,7,NA,NA
10/3/17,2,1,3,3,4M_2,4,4,5298,7,NA,NA
8/16/17,2,NA,1,4,4N,4,11,55142,7,NA,NA
8/18/17,2,NA,2,4,4N,4,19,34909,7,NA,NA
8/20/17,2,2,3,4,4N,4,0,0,7,NA,NA
8/16/17,5,NA,1,9,4O,4,0,0,7,NA,NA
9/29/17,2,2,1,4,4O_2,4,7,11899,7,NA,NA
10/1/17,2,2,2,4,4O_2,4,24,20179,7,NA,NA
10/3/17,2,1,3,4,4O_2,4,38,78328,7,NA,NA
8/16/17,5,NA,1,10,4P,4,1,893,7,NA,NA
9/29/17,5,2,1,9,4P_2,4,11,32608,7,NA,NA
10/1/17,5,1,2,9,4P_2,4,14,38164,7,NA,NA
10/3/17,5,12,3,9,4P_2,4,8,16448,7,NA,NA
10/7/17,RH3,1,1,5,8A_3,8,7,4760,7,31,269
10/9/17,3,1,2,5,8A_3,8,15,21267,7,77,223
10/11/17,3,1,3,5,8A_3,8,30,58372,7,300,0
8/15/17,3,NA,1,5,8B,8,7,6192,7,300,0
9/28/17,3,1,1,6,8B_2,8,0,0,7,NA,NA
10/7/17,RH3,1,1,6,8B_3,8,7,4655,7,45,255
10/9/17,3,1,2,6,8B_3,8,22,28922,7,15,285
10/11/17,3,1,3,6,8B_3,8,23,17303,7,7,293
9/28/17,6,1,1,11,8C_2,8,5,4601,7,91,209
10/7/17,RH6,1,1,11,8C_3,8,0,0,7,18,282
10/9/17,6,1,2,11,8C_3,8,1,923,7,9,291
10/11/17,6,1,3,11,8C_3,8,2,5718,7,14,286
8/17/17,3,NA,2,6,8D,8,2,2183,7,7,293
8/15/17,3,NA,1,6,8D,8,3,8918,7,24,276
9/28/17,6,1,1,12,8D_2,8,14,36538,7,137,163
10/7/17,RH6,1,1,12,8D_3,8,0,0,7,21,279
8/15/17,6,NA,1,11,8E,8,1,2507,7,8,292
8/19/17,6,NA,3,11,8E,8,4,15681,7,23,277
8/17/17,6,NA,2,11,8E,8,NA,NA,7,NA,NA
9/28/17,3,2,1,5,8E_2,8,5,9098,7,131,169
9/30/17,3,1,2,5,8E_2,8,24,59813,7,101,199
10/2/17,3,1,3,7,8E_2,8,26,60476,7,6,294
10/7/17,RH3,2,1,5,8E_3,8,1,6300,7,300,0
10/9/17,3,2,2,5,8E_3,8,17,44906,7,75,225
8/15/17,3,NA,1,6,8F,8,4,9357,7,14,286
8/17/17,3,NA,2,6,8F,8,4,3505,7,7,293
8/19/17,3,NA,3,6,8F,8,0,0,7,NA,NA
9/28/17,3,2,1,6,8F_2,8,16,23998,7,21,279
9/30/17,3,1,2,6,8F_2,8,28,47910,7,NA,NA
8/15/17,6,NA,1,12,8G,8,0,0,7,15,285
8/19/17,6,NA,3,12,8G,8,2,2264,7,22,278
8/17/17,6,NA,2,12,8G,8,NA,NA,7,NA,NA
9/28/17,6,2,1,11,8G_2,8,6,5961,7,26,274
9/30/17,6,1,2,11,8G_2,8,3,4677,7,50,250
10/7/17,RH6,2,1,11,8G_3,8,7,5228,7,22,278
10/9/17,6,1,2,11,8G_3,8,11,13124,7,8,292
10/11/17,6,2,3,12,8G_3,8,5,6756,7,4,296
9/28/17,6,2,1,12,8H_2,8,3,8023,7,37,263
9/30/17,6,1,2,12,8H_2,8,28,80562,7,NA,NA
10/7/17,RH6,2,1,12,8H_3,8,0,0,7,16,284
10/9/17,6,2,2,12,8H_3,8,1,726,7,297,3
10/11/17,6,2,3,11,8H_3,8,0,0,7,4,296
8/16/17,3,NA,1,6,8I,8,0,0,7,8,292
9/29/17,3,1,1,5,8I_2,8,21,45706,7,300,0
10/1/17,3,1,2,5,8I_2,8,22,76964,7,300,0
10/8/17,3,1,1,5,8I_3,8,0,0,7,14,286
10/10/17,3,1,2,5,8I_3,8,0,0,7,4,296
10/12/17,3,1,3,5,8I_3,8,0,0,7,7,293
8/16/17,3,NA,1,5,8J,8,0,0,7,41,259
9/29/17,3,1,1,6,8J_2,8,1,1288,7,49,251
10/8/17,3,1,1,6,8J_3,8,1,585,7,300,0
10/10/17,3,1,2,6,8J_3,8,11,21360,7,107,193
10/12/17,3,1,3,6,8J_3,8,7,6064,7,300,0
8/16/17,6,NA,1,11,8K,8,0,0,7,11,289
8/18/17,6,NA,2,11,8K,8,6,12764,7,9,291
9/29/17,6,1,1,11,8K_2,8,0,0,7,8,292
10/1/17,6,1,2,11,8K_2,8,NA,NA,7,4,296
10/3/17,6,1,3,11,8K_2,8,1,508,7,4,296
10/8/17,6,1,1,11,8K_3,8,0,0,7,NA,NA
8/16/17,6,NA,1,12,8L,8,1,935,7,34,266
8/18/17,6,NA,2,12,8L,8,24,28337,7,124,176
8/20/17,6,1,3,12,8L,8,36,76919,7,70,230
9/29/17,6,1,1,12,8L_2,8,6,7885,7,38,262
10/1/17,6,1,2,12,8L_2,8,NA,NA,7,14,286
10/8/17,6,1,1,12,8L_3,8,1,695,7,163,137
10/10/17,6,1,2,12,8L_3,8,3,2357,7,117,183
10/12/17,6,1,3,12,8L_3,8,0,0,7,30,270
9/29/17,3,2,1,5,8M_2,8,7,1,7,19,281
10/1/17,3,2,2,5,8M_2,8,17,13003,7,4,296
10/3/17,3,1,3,5,8M_2,8,27,37081,7,4,296
9/29/17,3,2,1,6,8N_2,8,2,1589,7,57,243
10/1/17,3,2,2,6,8N_2,8,6,4233,7,8,292
10/3/17,3,1,3,6,8N_2,8,9,24859,7,4,296
8/16/17,3,NA,1,5,8O,8,1,2499,7,9,291
8/18/17,3,NA,2,5,8O,8,21,48429,7,11,289
8/20/17,3,1,3,5,8O,8,38,60598,7,7,293
9/29/17,6,2,1,11,8O_2,8,6,5434,7,20,280
10/1/17,6,2,2,11,8O_2,8,34,50342,7,NA,NA
10/3/17,6,2,3,11,8O_2,8,44,66265,7,23,277
8/16/17,3,NA,1,6,8P,8,0,0,7,NA,NA
9/29/17,6,2,1,12,8P_2,8,1,1130,7,30,270
10/1/17,6,2,2,12,8P_2,8,0,0,7,21,279
10/3/17,6,2,3,12,8P_2,8,0,0,7,14,286
8/15/17,1,NA,1,1,2A,2,3,9454,8,NA,NA
8/17/17,1,NA,2,1,2A,2,4,6361,8,NA,NA
9/30/17,1,NA,2,1,2A_2,2,1,1415,8,NA,NA
9/28/17,1,1,1,1,2A_2,2,1,915,8,NA,NA
10/2/17,1,1,3,1,2A_2,2,0,0,8,NA,NA
10/7/17,RH1,1,1,1,2A_3,2,0,0,8,NA,NA
10/9/17,1,1,2,1,2A_3,2,0,0,8,NA,NA
10/11/17,1,1,3,1,2A_3,2,25,118401,8,NA,NA
8/15/17,1,NA,1,2,2B,2,0,0,8,NA,NA
8/17/17,1,NA,2,2,2B,2,0,0,8,NA,NA
8/19/17,1,NA,3,2,2B,2,0,0,8,NA,NA
9/30/17,1,NA,2,2,2B_2,2,2,21168,8,NA,NA
9/28/17,1,1,1,2,2B_2,2,12,35665,8,NA,NA
10/2/17,1,1,3,2,2B_2,2,2,6267,8,NA,NA
10/7/17,RH1,1,1,2,2B_3,2,11,44366,8,NA,NA
10/9/17,1,1,2,2,2B_3,2,4,10202,8,NA,NA
10/11/17,1,1,3,2,2B_3,2,11,34044,8,NA,NA
8/15/17,4,NA,1,7,2C,2,1,606,8,NA,NA
8/17/17,4,NA,2,7,2C,2,NA,NA,8,NA,NA
8/19/17,4,NA,3,7,2C,2,2,1391,8,NA,NA
9/28/17,4,12,1,7,2C_2,2,0,0,8,NA,NA
9/30/17,4,1,2,7,2C_2,2,0,0,8,NA,NA
10/2/17,4,1,3,8,2C_2,2,0,0,8,NA,NA
10/7/17,RH4,12,1,7,2C_3,2,0,0,8,NA,NA
10/9/17,4,1,2,7,2C_3,2,0,0,8,NA,NA
10/11/17,4,1,3,7,2C_3,2,0,0,8,NA,NA
8/15/17,4,NA,1,8,2D,2,19,51555,8,NA,NA
8/19/17,4,NA,3,8,2D,2,0,0,8,NA,NA
8/17/17,4,NA,2,8,2D,2,NA,NA,8,NA,NA
9/28/17,4,12,1,8,2D_2,2,0,0,8,NA,NA
9/30/17,4,1,2,8,2D_2,2,22,88983,8,NA,NA
10/2/17,4,1,3,7,2D_2,2,2,10941,8,NA,NA
10/7/17,RH4,12,1,8,2D_3,2,0,0,8,NA,NA
10/9/17,4,1,2,8,2D_3,2,0,0,8,NA,NA
10/11/17,4,1,3,8,2D_3,2,0,0,8,NA,NA
8/15/17,1,NA,1,1,2E,2,NA,NA,8,NA,NA
9/28/17,1,2,1,1,2E_2,2,9,13254,8,NA,NA
9/30/17,1,2,2,1,2E_2,2,0,0,8,NA,NA
10/7/17,RH1,2,1,1,2E_3,2,1,NA,8,NA,NA
10/9/17,1,2,2,1,2E_3,2,0,0,8,NA,NA
10/11/17,1,2,3,1,2E_3,2,0,0,8,NA,NA
8/15/17,1,3,1,2,2F,2,NA,NA,8,NA,NA
9/28/17,1,2,1,2,2F_2,2,7,28828,8,NA,NA
9/30/17,1,2,2,2,2F_2,2,10,36926,8,NA,NA
10/7/17,RH1,2,1,2,2F_3,2,0,0,8,NA,NA
10/9/17,1,2,2,2,2F_3,2,8,32974,8,NA,NA
10/11/17,1,2,3,2,2F_3,2,0,0,8,NA,NA
8/15/17,4,NA,1,8,2G,2,5,4591,8,NA,NA
8/17/17,1,NA,2,8,2G,2,9,18939,8,NA,NA
8/19/17,4,NA,3,8,2G,2,0,0,8,NA,NA
9/28/17,4,34,1,7,2G_2,2,0,0,8,NA,NA
9/30/17,4,2,2,7,2G_2,2,0,0,8,NA,NA
10/2/17,4,2,3,8,2G_2,2,0,0,8,NA,NA
10/7/17,RH4,3,1,7,2G_3,2,0,0,8,NA,NA
10/9/17,4,2,2,7,2G_3,2,0,0,8,NA,NA
10/11/17,4,2,3,7,2G_3,2,3,4721,8,NA,NA
8/15/17,4,NA,1,7,2H,2,1,1642,8,NA,NA
8/17/17,1,NA,2,7,2H,2,8,20763,8,NA,NA
8/19/17,4,NA,3,7,2H,2,1,2304,8,NA,NA
9/28/17,4,34,1,8,2H_2,2,2,1836,8,NA,NA
10/7/17,RH4,3,1,8,2H_3,2,3,5850,8,NA,NA
10/9/17,4,2,2,8,2H_3,2,0,0,8,NA,NA
10/11/17,4,2,3,8,2H_3,2,0,0,8,NA,NA
8/16/17,1,NA,1,1,2I,2,8,25746,8,NA,NA
9/29/17,1,12,1,1,2I_2,2,15,66413,8,NA,NA
10/1/17,1,1,2,1,2I_2,2,19,20674,8,NA,NA
10/3/17,1,1,3,1,2I_2,2,8,25752,8,NA,NA
10/8/17,1,1,1,1,2I_3,2,0,0,8,NA,NA
10/10/17,1,1,2,1,2I_3,2,0,0,8,NA,NA
10/12/17,1,1,3,1,2I_3,2,0,0,8,NA,NA
8/16/17,1,NA,1,2,2J,2,0,0,8,NA,NA
8/18/17,1,NA,2,2,2J,2,2,7804,8,NA,NA
8/20/17,1,1,3,2,2J,2,0,0,8,NA,NA
9/29/17,1,12,1,2,2J_2,2,2,2691,8,NA,NA
10/1/17,1,1,2,2,2J_2,2,0,0,8,NA,NA
10/3/17,1,1,3,2,2J_2,2,0,0,8,NA,NA
8/16/17,4,NA,1,7,2K,2,0,0,8,NA,NA
8/16/17,4,NA,1,8,2L,2,9,25189,8,NA,NA
8/18/17,4,NA,2,8,2L,2,3,3229,8,NA,NA
8/20/17,4,1,3,8,2L,2,0,0,8,NA,NA
9/29/17,4,1,1,7,2L_2,2,19,134640,8,NA,NA
10/1/17,4,1,2,7,2L_2,2,16,90047,8,NA,NA
10/3/17,4,1,3,7,2L_2,2,0,0,8,NA,NA
8/16/17,1,NA,1,1,2M,2,1,2471,8,NA,NA
8/18/17,1,NA,2,1,2M,2,0,0,8,NA,NA
8/20/17,1,2,3,1,2M,2,0,0,8,NA,NA
9/29/17,4,1,1,8,2M_2,2,0,0,8,NA,NA
10/1/17,4,1,2,8,2M_2,2,0,0,8,NA,NA
10/3/17,4,1,3,8,2M_2,2,0,0,8,NA,NA
8/16/17,1,NA,1,2,2N,2,4,4569,8,NA,NA
8/18/17,1,NA,2,2,2N,2,0,0,8,NA,NA
8/20/17,1,2,3,2,2N,2,0,0,8,NA,NA
9/29/17,1,3,1,1,2N_2,2,4,4468,8,NA,NA
10/1/17,1,2,2,1,2N_2,2,8,12582,8,NA,NA
10/3/17,1,2,3,1,2N_2,2,20,36050,8,NA,NA
8/16/17,4,NA,1,7,2O,2,4,25602,8,NA,NA
8/18/17,4,NA,2,7,2O,2,1,598,8,NA,NA
8/20/17,4,2,3,7,2O,2,10,73516,8,NA,NA
9/29/17,1,3,1,2,2O_2,2,0,0,8,NA,NA
10/1/17,1,2,2,2,2O_2,2,0,0,8,NA,NA
8/16/17,4,NA,1,8,2P,2,0,0,8,NA,NA
8/18/17,4,NA,2,8,2P,2,0,0,8,NA,NA
8/20/17,4,2,3,8,2P,2,0,0,8,NA,NA
9/29/17,4,2,1,7,2P_2,2,0,0,8,NA,NA
10/1/17,4,2,2,7,2P_2,2,0,0,8,NA,NA
10/3/17,4,2,3,7,2P_2,2,0,0,8,NA,NA
8/15/17,2,NA,1,3,4A,4,7,14451,8,NA,NA
8/17/17,2,NA,2,3,4A,4,1,500,8,NA,NA
8/19/17,2,NA,3,3,4A,4,3,8301,8,NA,NA
9/28/17,2,1,1,3,4A_2,4,0,0,8,NA,NA
9/30/17,2,1,2,3,4A_2,4,6,10440,8,NA,NA
10/2/17,2,1,3,3,4A_2,4,13,12660,8,NA,NA
10/7/17,RH2,1,1,3,4A_3,4,0,0,8,NA,NA
10/9/17,2,1,2,3,4A_3,4,6,14846,8,NA,NA
10/11/17,2,1,3,3,4A_3,4,17,107562,8,NA,NA
8/15/17,2,NA,1,4,4B,4,6,6472,8,NA,NA
8/17/17,2,NA,2,4,4B,4,0,0,8,NA,NA
9/28/17,2,1,1,4,4B_2,4,1,719,8,NA,NA
9/30/17,2,1,2,4,4B_2,4,12,39852,8,NA,NA
10/2/17,2,1,3,4,4B_2,4,9,12436,8,NA,NA
10/7/17,RH2,1,1,4,4B_3,4,0,0,8,NA,NA
10/9/17,2,1,2,4,4B_3,4,3,5818,8,NA,NA
10/11/17,2,1,3,4,4B_3,4,1,3751,8,NA,NA
8/15/17,5,NA,1,9,4C,4,16,16644,8,NA,NA
8/19/17,5,NA,3,9,4C,4,24,61715,8,NA,NA
8/17/17,5,NA,2,9,4C,4,NA,NA,8,NA,NA
9/28/17,5,12,1,9,4C_2,4,2,1426,8,NA,NA
9/30/17,5,12,2,9,4C_2,4,10,8657,8,NA,NA
10/7/17,RH5,12,1,9,4C_3,4,0,0,8,NA,NA
10/9/17,5,1,2,9,4C_3,4,0,0,8,NA,NA
10/11/17,5,1,3,9,4C_3,4,0,0,8,NA,NA
8/15/17,5,NA,1,10,4D,4,9,17463,8,NA,NA
8/19/17,5,NA,3,10,4D,4,5,22926,8,NA,NA
8/17/17,5,NA,2,10,4D,4,NA,NA,8,NA,NA
9/28/17,5,12,1,10,4D_2,4,6,26220,8,NA,NA
9/30/17,5,12,2,10,4D_2,4,10,42633,8,NA,NA
10/2/17,5,1,3,10,4D_2,4,7,13173,8,NA,NA
10/7/17,RH5,12,1,10,4D_3,4,7,18914,8,NA,NA
10/9/17,5,1,2,10,4D_3,4,16,124685,8,NA,NA
10/11/17,5,1,3,10,4D_3,4,5,5806,8,NA,NA
8/15/17,2,NA,1,3,4E,4,12,35908,8,NA,NA
9/30/17,2,NA,2,3,4E_2,4,10,17698,8,NA,NA
9/28/17,2,2,1,3,4E_2,4,0,0,8,NA,NA
10/2/17,2,2,3,3,4E_2,4,8,18562,8,NA,NA
10/7/17,RH2,2,1,3,4E_3,4,1,983,8,NA,NA
8/15/17,2,NA,1,4,4F,4,17,34332,8,NA,NA
8/17/17,2,NA,2,4,4F,4,1,702,8,NA,NA
9/30/17,2,NA,2,4,4F_2,4,11,17597,8,NA,NA
9/28/17,2,2,1,4,4F_2,4,0,0,8,NA,NA
10/7/17,RH2,2,1,4,4F_3,4,5,8810,8,NA,NA
10/9/17,2,2,2,4,4F_3,4,7,18850,8,NA,NA
10/11/17,2,2,3,4,4F_3,4,0,0,8,NA,NA
9/28/17,5,34,1,9,4G_2,4,0,0,8,NA,NA
9/30/17,5,3,2,9,4G_2,4,4,3730,8,NA,NA
10/2/17,5,2,3,9,4G_2,4,0,0,8,NA,NA
10/7/17,RH5,34,1,9,4G_3,4,0,0,8,NA,NA
10/9/17,5,2,2,9,4G_3,4,0,0,8,NA,NA
10/11/17,5,2,3,9,4G_3,4,1,835,8,NA,NA
9/28/17,5,34,1,10,4H_2,4,0,0,8,NA,NA
9/30/17,5,3,2,10,4H_2,4,0,0,8,NA,NA
10/2/17,5,2,3,10,4H_2,4,0,0,8,NA,NA
10/7/17,RH5,34,1,10,4H_3,4,9,13404,8,NA,NA
10/9/17,5,2,2,10,4H_3,4,1,854,8,NA,NA
10/11/17,5,2,3,10,4H_3,4,0,0,8,NA,NA
8/16/17,2,NA,1,3,4I,4,2,2509,8,NA,NA
9/29/17,2,1,1,2,4I_2,4,1,1039,8,NA,NA
10/1/17,2,1,2,3,4I_2,4,0,0,8,NA,NA
10/8/17,2,1,1,3,4I_3,4,0,0,8,NA,NA
10/10/17,2,1,2,3,4I_3,4,4,3944,8,NA,NA
8/16/17,5,NA,1,10,4J,4,9,33073,8,NA,NA
8/18/17,5,NA,2,10,4J,4,12,29584,8,NA,NA
8/20/17,5,12,3,10,4J,4,0,0,8,NA,NA
9/29/17,2,2,1,3,4J_2,4,4,7100,8,NA,NA
10/8/17,2,1,1,4,4J_3,4,0,0,8,NA,NA
10/10/17,2,1,2,4,4J_3,4,2,4428,8,NA,NA
8/16/17,2,NA,1,4,4K,4,2,3358,8,NA,NA
8/18/17,2,NA,2,4,4K,4,1,1714,8,NA,NA
8/20/17,2,1,3,4,4K,4,3,4759,8,NA,NA
9/29/17,5,1,1,9,4K_2,4,6,11848,8,NA,NA
8/16/17,5,NA,1,9,4L,4,15,68221,8,NA,NA
8/18/17,5,NA,2,9,4L,4,13,124455,8,NA,NA
9/29/17,5,1,1,10,4L_2,4,2,2970,8,NA,NA
8/16/17,2,NA,1,3,4M,4,0,0,8,NA,NA
9/29/17,2,1,1,3,4M_2,4,2,2630,8,NA,NA
10/1/17,2,2,2,3,4M_2,4,8,36251,8,NA,NA
10/3/17,2,1,3,3,4M_2,4,4,5298,8,NA,NA
8/16/17,2,NA,1,4,4N,4,11,55142,8,NA,NA
8/18/17,2,NA,2,4,4N,4,19,34909,8,NA,NA
8/20/17,2,2,3,4,4N,4,0,0,8,NA,NA
8/16/17,5,NA,1,9,4O,4,0,0,8,NA,NA
9/29/17,2,2,1,4,4O_2,4,7,11899,8,NA,NA
10/1/17,2,2,2,4,4O_2,4,24,20179,8,NA,NA
10/3/17,2,1,3,4,4O_2,4,38,78328,8,NA,NA
8/16/17,5,NA,1,10,4P,4,1,893,8,NA,NA
9/29/17,5,2,1,9,4P_2,4,11,32608,8,NA,NA
10/1/17,5,1,2,9,4P_2,4,14,38164,8,NA,NA
10/3/17,5,12,3,9,4P_2,4,8,16448,8,NA,NA
10/7/17,RH3,1,1,5,8A_3,8,7,4760,8,300,0
10/9/17,3,1,2,5,8A_3,8,15,21267,8,239,61
10/11/17,3,1,3,5,8A_3,8,30,58372,8,300,0
8/15/17,3,NA,1,5,8B,8,7,6192,8,NA,NA
9/28/17,3,1,1,6,8B_2,8,0,0,8,NA,NA
10/7/17,RH3,1,1,6,8B_3,8,7,4655,8,54,246
10/9/17,3,1,2,6,8B_3,8,22,28922,8,39,261
10/11/17,3,1,3,6,8B_3,8,23,17303,8,300,0
9/28/17,6,1,1,11,8C_2,8,5,4601,8,300,0
10/7/17,RH6,1,1,11,8C_3,8,0,0,8,37,263
10/9/17,6,1,2,11,8C_3,8,1,923,8,10,290
10/11/17,6,1,3,11,8C_3,8,2,5718,8,20,280
8/17/17,3,NA,2,6,8D,8,2,2183,8,8,292
8/15/17,3,NA,1,6,8D,8,3,8918,8,NA,NA
9/28/17,6,1,1,12,8D_2,8,14,36538,8,NA,NA
10/7/17,RH6,1,1,12,8D_3,8,0,0,8,46,254
8/15/17,6,NA,1,11,8E,8,1,2507,8,25,275
8/19/17,6,NA,3,11,8E,8,4,15681,8,300,0
8/17/17,6,NA,2,11,8E,8,NA,NA,8,NA,NA
9/28/17,3,2,1,5,8E_2,8,5,9098,8,300,0
9/30/17,3,1,2,5,8E_2,8,24,59813,8,300,0
10/2/17,3,1,3,7,8E_2,8,26,60476,8,26,274
10/7/17,RH3,2,1,5,8E_3,8,1,6300,8,300,0
10/9/17,3,2,2,5,8E_3,8,17,44906,8,77,223
8/15/17,3,NA,1,6,8F,8,4,9357,8,NA,NA
8/17/17,3,NA,2,6,8F,8,4,3505,8,9,291
8/19/17,3,NA,3,6,8F,8,0,0,8,NA,NA
9/28/17,3,2,1,6,8F_2,8,16,23998,8,NA,NA
9/30/17,3,1,2,6,8F_2,8,28,47910,8,NA,NA
8/15/17,6,NA,1,12,8G,8,0,0,8,23,277
8/19/17,6,NA,3,12,8G,8,2,2264,8,300,0
8/17/17,6,NA,2,12,8G,8,NA,NA,8,NA,NA
9/28/17,6,2,1,11,8G_2,8,6,5961,8,131,169
9/30/17,6,1,2,11,8G_2,8,3,4677,8,NA,NA
10/7/17,RH6,2,1,11,8G_3,8,7,5228,8,42,258
10/9/17,6,1,2,11,8G_3,8,11,13124,8,11,289
10/11/17,6,2,3,12,8G_3,8,5,6756,8,8,292
9/28/17,6,2,1,12,8H_2,8,3,8023,8,109,191
9/30/17,6,1,2,12,8H_2,8,28,80562,8,NA,NA
10/7/17,RH6,2,1,12,8H_3,8,0,0,8,19,281
10/9/17,6,2,2,12,8H_3,8,1,726,8,NA,NA
10/11/17,6,2,3,11,8H_3,8,0,0,8,6,294
8/16/17,3,NA,1,6,8I,8,0,0,8,11,289
9/29/17,3,1,1,5,8I_2,8,21,45706,8,NA,NA
10/1/17,3,1,2,5,8I_2,8,22,76964,8,300,0
10/8/17,3,1,1,5,8I_3,8,0,0,8,19,281
10/10/17,3,1,2,5,8I_3,8,0,0,8,5,295
10/12/17,3,1,3,5,8I_3,8,0,0,8,10,290
8/16/17,3,NA,1,5,8J,8,0,0,8,57,243
9/29/17,3,1,1,6,8J_2,8,1,1288,8,NA,NA
10/8/17,3,1,1,6,8J_3,8,1,585,8,NA,NA
10/10/17,3,1,2,6,8J_3,8,11,21360,8,NA,NA
10/12/17,3,1,3,6,8J_3,8,7,6064,8,NA,NA
8/16/17,6,NA,1,11,8K,8,0,0,8,15,285
8/18/17,6,NA,2,11,8K,8,6,12764,8,11,289
9/29/17,6,1,1,11,8K_2,8,0,0,8,23,277
10/1/17,6,1,2,11,8K_2,8,NA,NA,8,10,290
10/3/17,6,1,3,11,8K_2,8,1,508,8,5,295
10/8/17,6,1,1,11,8K_3,8,0,0,8,NA,NA
8/16/17,6,NA,1,12,8L,8,1,935,8,NA,NA
8/18/17,6,NA,2,12,8L,8,24,28337,8,141,159
8/20/17,6,1,3,12,8L,8,36,76919,8,300,0
9/29/17,6,1,1,12,8L_2,8,6,7885,8,51,249
10/1/17,6,1,2,12,8L_2,8,NA,NA,8,17,283
10/8/17,6,1,1,12,8L_3,8,1,695,8,196,104
10/10/17,6,1,2,12,8L_3,8,3,2357,8,140,160
10/12/17,6,1,3,12,8L_3,8,0,0,8,98,202
9/29/17,3,2,1,5,8M_2,8,7,1,8,22,278
10/1/17,3,2,2,5,8M_2,8,17,13003,8,4,296
10/3/17,3,1,3,5,8M_2,8,27,37081,8,32,268
9/29/17,3,2,1,6,8N_2,8,2,1589,8,148,152
10/1/17,3,2,2,6,8N_2,8,6,4233,8,21,279
10/3/17,3,1,3,6,8N_2,8,9,24859,8,NA,NA
8/16/17,3,NA,1,5,8O,8,1,2499,8,148,152
8/18/17,3,NA,2,5,8O,8,21,48429,8,59,241
8/20/17,3,1,3,5,8O,8,38,60598,8,300,0
9/29/17,6,2,1,11,8O_2,8,6,5434,8,151,149
10/1/17,6,2,2,11,8O_2,8,34,50342,8,NA,NA
10/3/17,6,2,3,11,8O_2,8,44,66265,8,300,0
8/16/17,3,NA,1,6,8P,8,0,0,8,NA,NA
9/29/17,6,2,1,12,8P_2,8,1,1130,8,47,253
10/1/17,6,2,2,12,8P_2,8,0,0,8,27,273
10/3/17,6,2,3,12,8P_2,8,0,0,8,29,271
